ax,ay,az,gx,gy,gz,magnitude,whip,timestamp
-1.036,-0.292,-0.105,20.630,11.353,-14.282,1.081,10.81,1773811333841
-1.043,-0.290,-0.140,24.353,9.460,-13.489,1.091,10.91,1773811333865
-1.016,-0.241,-0.136,42.175,2.991,-13.733,1.053,10.53,1773811333894
-0.992,-0.203,-0.131,53.772,-1.770,-18.188,1.021,10.21,1773811333955
-1.012,-0.208,-0.167,57.068,-7.629,-23.499,1.047,10.47,1773811333984
-1.032,-0.173,-0.186,49.255,-15.503,-26.733,1.063,-0.18,1773811334021
-1.035,-0.183,-0.196,45.593,-24.292,-29.724,1.070,-0.22,1773811334077
-0.970,-0.159,-0.180,45.593,-30.396,-35.278,1.000,-0.53,1773811334109
-0.970,-0.193,-0.181,48.828,-33.569,-41.687,1.006,-0.15,1773811334134
-0.917,-0.168,-0.164,49.011,-33.081,-47.180,0.947,-1.00,1773811334197
-0.915,-0.211,-0.198,51.941,-31.250,-50.171,0.960,-1.03,1773811334225
-0.944,-0.211,-0.241,57.373,-31.067,-47.607,0.997,-0.73,1773811334254
-0.921,-0.207,-0.279,52.368,-31.433,-41.382,0.984,-0.15,1773811334316
-0.907,-0.184,-0.322,58.411,-33.630,-35.706,0.980,-0.26,1773811334344
-0.894,-0.149,-0.358,58.472,-36.316,-30.457,0.974,0.28,1773811334377
-0.895,-0.151,-0.419,58.350,-41.138,-25.085,1.000,0.40,1773811334434
-0.909,-0.125,-0.460,65.308,-48.218,-21.545,1.026,0.30,1773811334464
-0.942,-0.100,-0.510,65.063,-58.167,-17.395,1.076,0.92,1773811334495
-0.929,-0.050,-0.553,72.144,-72.021,-15.442,1.082,1.02,1773811334556
-0.917,0.010,-0.574,70.984,-79.346,-14.771,1.081,1.07,1773811334584
-0.904,0.056,-0.594,55.664,-89.783,-13.916,1.083,0.83,1773811334614
-0.895,-0.155,0.023,41.443,-81.970,-5.981,0.909,-1.17,1773811334679
-0.828,0.085,-0.416,37.292,-21.912,20.142,0.931,-1.45,1773811334706
-0.773,0.354,-0.665,46.997,-21.545,18.188,1.079,-0.03,1773811334734
-0.729,0.329,-0.708,45.349,-38.696,5.432,1.068,-0.13,1773811334794
-0.709,-0.248,-0.733,24.109,-59.143,32.288,1.050,-0.34,1773811334825
-0.658,0.391,-0.768,20.630,-65.369,37.659,1.084,1.75,1773811334855
-0.480,0.444,-0.588,6.653,-80.872,27.832,0.880,-0.51,1773811334918
-0.509,0.293,-0.689,-1.465,-85.632,18.738,0.905,-1.74,1773811334946
-0.522,0.210,-0.596,-20.081,-77.759,26.245,0.820,-2.49,1773811334975
-0.546,0.134,-0.962,-50.354,-70.496,40.222,1.115,0.65,1773811335068
-0.455,0.182,-0.895,-33.386,-59.265,49.805,1.021,-0.63,1773811335070
-0.489,0.075,-1.156,4.211,-35.278,59.570,1.257,3.78,1773811335096
-0.402,0.209,-1.070,80.566,-28.931,74.097,1.162,2.57,1773811335155
-0.382,0.267,-0.853,115.601,-13.794,80.994,0.972,1.52,1773811335184
-0.404,0.265,-0.948,117.187,0.061,90.515,1.064,-0.51,1773811335214
-0.398,0.362,-0.809,114.807,4.272,89.600,0.972,-0.49,1773811335279
-0.437,0.344,-0.998,111.877,-8.301,89.416,1.143,-1.14,1773811335304
-0.423,0.311,-0.991,98.328,-17.090,87.280,1.121,-0.41,1773811335335
-0.472,0.331,-0.930,89.600,-29.297,81.116,1.094,1.22,1773811335399
-0.481,0.270,-0.940,96.375,-31.189,76.355,1.090,0.26,1773811335424
-0.530,0.210,-0.941,104.065,-31.189,74.280,1.100,1.28,1773811335454
-0.575,0.203,-0.926,109.863,-31.982,74.646,1.109,-0.35,1773811335516
-0.574,0.184,-0.915,109.314,-32.776,75.317,1.096,-0.25,1773811335574
-0.578,0.170,-0.911,118.774,-40.039,78.674,1.092,-0.02,1773811335577
-0.537,0.160,-0.888,117.187,-46.021,83.374,1.050,-0.39,1773811335635
-0.539,0.199,-0.871,112.915,-49.561,87.585,1.043,-0.57,1773811335664
-0.508,0.169,-0.858,105.713,-52.551,90.332,1.012,-0.97,1773811335696
-0.452,0.156,-0.792,92.285,-53.528,94.788,0.925,-1.71,1773811335756
-0.406,0.101,-0.743,98.083,-60.425,101.929,0.853,-2.39,1773811335784
-0.326,0.251,-0.650,109.009,-74.463,112.549,0.769,-2.82,1773811335814
-0.260,0.280,-0.618,75.256,-87.036,133.667,0.726,-3.16,1773811335879
-0.268,0.217,-0.615,64.331,-94.910,141.479,0.705,-3.07,1773811335904
-0.257,0.149,-0.594,83.923,-111.145,149.536,0.664,-2.61,1773811335934
-0.259,0.144,-0.538,65.613,-121.826,151.123,0.614,-2.39,1773811335995
-0.301,0.034,-0.616,58.228,-128.967,153.687,0.686,-0.82,1773811336024
-0.343,-0.000,-0.665,48.340,-138.977,160.950,0.748,0.21,1773811336057
-0.327,-0.040,-0.698,18.127,-133.179,161.438,0.772,0.67,1773811336116
-0.397,-0.194,-0.837,11.353,-131.226,161.804,0.947,2.83,1773811336145
-0.357,-0.275,-0.926,17.212,-133.545,155.884,1.030,4.16,1773811336177
-0.339,-0.414,-1.047,-17.212,-129.456,152.893,1.176,4.90,1773811336235
-0.223,-0.521,-1.053,-65.247,-117.798,153.992,1.195,4.47,1773811336297
-0.097,-0.661,-1.082,-75.134,-108.093,157.104,1.272,5.00,1773811336299
0.080,-0.791,-1.073,-105.408,-92.224,155.090,1.335,3.88,1773811336387
0.300,-0.856,-1.051,-133.179,-77.881,152.649,1.389,3.59,1773811336388
0.507,-0.987,-0.994,-150.146,-66.101,136.841,1.490,3.14,1773811336415
0.720,-1.028,-0.882,-135.010,-66.589,105.347,1.534,3.39,1773811336506
1.134,-1.179,-0.771,-6.653,-129.150,-70.312,1.808,5.36,1773811336566
1.399,-1.204,-0.832,42.664,-174.072,-205.566,2.024,6.89,1773811336596
1.751,-1.076,-1.035,91.980,-225.952,-412.292,2.301,9.12,1773811336626
2.493,-1.001,-1.125,161.804,-230.103,-563.965,2.912,14.23,1773811336688
2.961,-0.858,-1.267,280.579,-174.866,-672.302,3.333,17.99,1773811336715
3.023,-0.778,-1.293,343.750,-66.345,-707.397,3.379,15.70,1773811336746
2.739,-0.588,-1.210,318.420,59.692,-658.813,3.052,10.28,1773811336804
2.182,-0.512,-1.015,236.267,135.498,-567.749,2.460,1.59,1773811336834
1.664,-0.244,-0.857,203.064,163.452,-456.970,1.887,-10.25,1773811336865
1.255,-0.112,-0.572,119.385,178.650,-362.427,1.384,-19.49,1773811336933
1.061,0.032,-0.511,61.768,181.702,-282.837,1.178,-22.01,1773811336956
0.789,0.151,-0.394,38.025,173.096,-223.511,0.895,-21.57,1773811337045
0.708,0.309,-0.431,16.418,161.377,-179.504,0.884,-15.76,1773811337047
0.490,0.298,-0.465,10.864,142.395,-141.052,0.738,-11.49,1773811337074
0.419,0.389,-0.474,-13.611,129.822,-102.112,0.743,-6.41,1773811337104
0.237,0.447,-0.464,-66.956,128.967,-73.425,0.687,-4.91,1773811337168
0.028,0.778,-0.682,-107.483,124.573,-35.889,1.035,1.40,1773811337197
-0.123,0.620,-0.696,-108.276,106.873,-8.057,0.940,0.56,1773811337225
-0.229,0.776,-0.706,-95.520,83.740,1.587,1.074,3.36,1773811337314
-0.285,0.744,-0.729,-87.158,75.012,9.277,1.080,3.36,1773811337316
-0.450,0.844,-0.748,-72.083,59.570,34.302,1.214,5.28,1773811337344
-0.419,0.729,-0.688,-49.072,50.659,45.776,1.087,0.51,1773811337409
-0.488,0.687,-0.699,-31.189,47.791,40.649,1.095,1.54,1773811337434
-0.525,0.597,-0.573,25.818,43.823,35.339,0.980,-0.94,1773811337464
-0.622,0.508,-0.563,73.059,34.058,37.292,0.981,-0.99,1773811337525
-0.689,0.253,-0.517,81.116,23.071,44.800,0.898,-3.16,1773811337554
-0.637,0.594,-0.491,36.133,21.545,66.528,1.000,-0.86,1773811337587
-0.769,0.337,-0.456,-1.648,20.752,64.880,0.956,-1.39,1773811337674
-0.717,0.371,-0.490,22.339,20.325,72.571,0.944,-0.36,1773811337676
-0.732,0.481,-0.547,22.217,23.682,63.660,1.033,0.52,1773811337704
-0.777,0.494,-0.640,32.654,25.940,46.265,1.121,2.23,1773811337766
-0.849,0.444,-0.705,46.631,23.071,27.588,1.190,1.89,1773811337795
-0.861,0.394,-0.689,58.716,17.700,13.306,1.171,2.15,1773811337823
-0.884,0.306,-0.738,41.504,13.245,3.662,1.191,2.47,1773811337887
-0.883,0.240,-0.746,36.499,5.005,-0.549,1.180,1.47,1773811337914
-0.880,0.211,-0.721,29.358,-3.662,-0.671,1.157,0.36,1773811337944
-0.803,0.212,-0.645,28.809,-15.137,-1.404,1.051,-1.38,1773811338007
-0.776,0.245,-0.586,21.729,-19.470,-2.014,1.003,-1.68,1773811338034
-0.781,0.263,-0.545,7.690,-20.874,-3.601,0.988,-2.03,1773811338064
-0.753,0.314,-0.483,5.798,-15.442,-6.897,0.948,-2.32,1773811338128
-0.756,0.300,-0.484,-5.493,-7.324,-7.080,0.947,-2.10,1773811338154
-0.763,0.271,-0.490,-9.644,3.113,2.686,0.946,-1.05,1773811338184
-0.763,0.306,-0.471,-15.259,11.047,12.817,0.948,-0.55,1773811338249
-0.762,0.335,-0.480,-24.902,19.409,19.226,0.961,-0.27,1773811338274
-0.787,0.341,-0.500,-26.855,25.635,21.423,0.993,0.44,1773811338305
-0.807,0.341,-0.500,-25.269,30.396,21.118,1.009,0.62,1773811338367
-0.828,0.332,-0.490,-26.062,33.691,19.165,1.018,0.72,1773811338396
-0.880,0.285,-0.506,-29.297,33.936,18.005,1.054,1.06,1773811338424
-0.992,0.197,-0.525,-34.119,30.762,18.311,1.139,1.78,1773811338485
-1.072,0.138,-0.547,-51.636,27.039,19.226,1.211,2.18,1773811338517
-1.017,0.040,-0.537,-32.776,17.944,18.311,1.151,1.42,1773811338545
-1.010,-0.057,-0.429,0.122,7.507,21.606,1.099,0.80,1773811338607
-1.008,-0.086,-0.337,12.207,0.305,28.137,1.066,0.13,1773811338635
-0.925,0.006,-0.231,-6.165,0.671,29.602,0.954,-1.86,1773811338665
-0.852,0.056,-0.253,-22.400,7.568,13.916,0.890,-3.21,1773811338727
-0.828,0.052,-0.286,-15.381,10.437,-0.244,0.877,-2.73,1773811338756
-0.856,-0.004,-0.326,-3.357,9.521,-16.479,0.916,-1.83,1773811338784
-0.908,-0.077,-0.368,-2.136,4.089,-16.418,0.983,-0.83,1773811338844
-0.913,-0.090,-0.392,-1.953,-4.211,-8.789,0.997,0.44,1773811338874
-0.938,-0.080,-0.412,-5.920,-12.085,0.244,1.028,1.38,1773811338908
-0.937,-0.051,-0.423,-8.179,-16.479,5.188,1.029,1.52,1773811338967
-0.948,-0.034,-0.436,-3.357,-17.029,4.639,1.044,1.28,1773811338994
-0.938,-0.023,-0.434,1.526,-14.404,0.061,1.034,0.51,1773811339026
-0.957,-0.049,-0.419,5.127,-10.132,-3.845,1.045,0.48,1773811339085
-0.967,-0.076,-0.406,5.798,-5.981,-4.639,1.052,0.24,1773811339115
-0.969,-0.081,-0.382,6.653,-2.930,-2.380,1.045,0.15,1773811339144
-0.943,-0.056,-0.342,6.226,-0.427,0.610,1.004,-0.40,1773811339206
-0.905,-0.005,-0.319,2.869,2.319,2.258,0.959,-0.74,1773811339236
-0.882,0.033,-0.327,0.061,3.906,1.282,0.941,-1.04,1773811339265
-0.872,0.065,-0.370,-2.502,3.967,-0.488,0.949,-1.02,1773811339327
-0.859,0.079,-0.406,9.216,-0.183,-3.479,0.953,-0.92,1773811339357
-0.869,0.088,-0.407,17.761,-6.042,-5.676,0.963,-0.41,1773811339384
-0.846,0.106,-0.387,19.104,-13.245,-8.179,0.936,-0.23,1773811339448
-0.793,0.143,-0.386,23.437,-18.127,-10.559,0.894,-0.48,1773811339477
-0.797,0.118,-0.436,23.315,-26.978,-12.817,0.916,-0.34,1773811339505
-0.808,0.079,-0.535,35.583,-38.330,-8.606,0.972,0.19,1773811339565
-0.830,0.086,-0.583,46.509,-46.875,-2.991,1.018,0.55,1773811339595
-0.822,0.100,-0.608,64.819,-58.899,8.667,1.027,0.91,1773811339625
-0.809,0.160,-0.652,62.439,-65.491,20.264,1.051,1.58,1773811339686
-0.743,0.227,-0.740,60.669,-71.960,29.053,1.073,1.57,1773811339718
-0.717,0.251,-0.833,67.688,-80.322,34.119,1.128,1.55,1773811339747
-0.650,0.247,-0.879,55.481,-87.219,40.100,1.120,1.02,1773811339809
-0.689,0.144,-0.957,44.861,-93.750,53.223,1.188,1.61,1773811339834
-0.657,-0.035,-0.744,30.029,-87.585,81.055,0.994,-0.57,1773811339865
-0.644,0.106,-0.864,31.616,-75.012,96.802,1.083,0.10,1773811339927
-0.589,0.256,-1.085,55.603,-81.238,100.952,1.261,1.33,1773811339955
-0.491,0.298,-0.952,69.519,-89.966,88.196,1.112,-0.08,1773811339984
-0.443,0.174,-0.873,61.584,-96.313,81.848,0.994,-1.94,1773811340050
-0.438,0.075,-0.841,51.819,-97.778,87.219,0.951,-0.43,1773811340075
-0.484,-0.012,-0.358,45.959,-68.848,106.140,0.602,-4.81,1773811340105
-0.500,0.045,-1.032,51.147,-32.959,121.704,1.147,-1.14,1773811340168
-0.343,0.205,-1.253,59.814,-42.236,125.244,1.316,2.03,1773811340195
-0.366,0.114,-0.945,63.171,-58.716,113.281,1.020,0.25,1773811340227
-0.438,0.147,-0.766,40.649,-28.564,118.530,0.894,-0.57,1773811340287
-0.284,0.153,-1.032,46.387,-21.484,121.094,1.082,4.80,1773811340315
-0.230,0.193,-1.074,77.759,-15.808,125.854,1.115,-0.32,1773811340344
-0.276,0.369,-1.057,93.872,-21.301,120.422,1.153,-1.62,1773811340408
-0.290,0.266,-1.075,81.665,-14.282,117.432,1.145,1.25,1773811340435
-0.277,0.334,-1.109,65.552,-17.578,115.540,1.191,2.97,1773811340467
-0.247,0.406,-1.045,80.994,-20.142,105.774,1.148,0.67,1773811340525
-0.216,0.338,-1.202,88.440,-15.381,95.947,1.267,1.52,1773811340554
-0.222,0.330,-1.135,95.825,-13.733,90.210,1.203,0.50,1773811340586
-0.231,0.320,-1.070,107.422,-13.550,87.646,1.140,-0.04,1773811340647
-0.254,0.338,-1.031,108.948,-14.099,86.182,1.114,-0.77,1773811340708
-0.288,0.300,-0.951,109.741,-14.709,87.891,1.038,-1.10,1773811340710
-0.354,0.326,-0.967,107.361,-18.860,88.806,1.081,-1.86,1773811340769
-0.397,0.151,-0.990,103.821,-29.846,91.614,1.077,-1.26,1773811340794
-0.401,0.081,-0.833,105.835,-42.847,97.656,0.928,-2.13,1773811340824
-0.363,0.019,-0.698,105.164,-61.035,102.478,0.787,-3.28,1773811340887
-0.383,0.020,-0.586,88.257,-72.083,103.638,0.701,-3.38,1773811340915
-0.329,0.043,-0.436,62.012,-84.351,97.473,0.548,-5.32,1773811340947
-0.388,0.145,-0.402,75.012,-105.591,105.103,0.577,-5.01,1773811341036
-0.345,0.129,-0.448,69.580,-120.605,110.107,0.580,-3.48,1773811341038
-0.319,0.129,-0.491,32.166,-135.620,114.197,0.599,-1.87,1773811341064
-0.320,0.080,-0.520,32.043,-140.808,114.197,0.616,-0.85,1773811341126
-0.414,0.053,-0.651,25.208,-141.846,118.042,0.774,2.25,1773811341155
-0.495,0.045,-0.739,-9.094,-136.047,121.399,0.890,3.14,1773811341186
-0.632,-0.087,-0.867,-17.761,-137.024,127.930,1.077,4.97,1773811341245
-0.599,-0.262,-1.005,-45.776,-134.521,137.817,1.199,6.00,1773811341274
-0.421,-0.410,-1.083,-81.055,-114.563,149.475,1.232,6.16,1773811341306
-0.192,-0.708,-1.179,-126.465,-86.609,168.823,1.389,6.15,1773811341368
0.123,-0.849,-1.105,-193.054,-49.622,187.317,1.399,5.09,1773811341394
0.483,-1.137,-1.070,-214.050,-32.776,195.984,1.634,5.57,1773811341488
1.471,-1.275,-0.740,-167.969,-66.833,105.713,2.083,8.84,1773811341515
2.284,-1.305,-0.473,-42.542,-149.658,-20.325,2.673,14.40,1773811341575
2.759,-1.172,-0.615,93.140,-219.849,-170.166,3.060,16.71,1773811341606
2.992,-0.753,-1.444,152.100,-369.019,-583.923,3.406,20.07,1773811341636
4.000,-0.656,-1.693,226.929,-396.240,-853.760,4.393,27.58,1773811341696
3.994,-0.690,-1.697,327.454,-306.824,-955.505,4.394,23.11,1773811341724
4.000,-0.686,-1.459,497.742,-20.203,-920.166,4.313,16.40,1773811341754
3.770,-0.506,-1.164,401.794,188.538,-765.930,3.978,9.18,1773811341818
2.483,-0.402,-0.858,217.590,252.258,-581.055,2.657,-7.49,1773811341846
1.760,-0.335,-0.689,119.873,225.281,-429.321,1.919,-24.73,1773811341875
1.392,-0.243,-0.403,65.796,203.857,-305.420,1.469,-29.25,1773811341936
1.110,-0.131,-0.355,13.245,182.495,-212.646,1.173,-31.40,1773811341973
0.954,-0.021,-0.247,-19.226,166.504,-144.043,0.986,-29.93,1773811341994
0.682,0.063,-0.342,-64.514,148.193,-92.163,0.765,-18.92,1773811342063
0.519,-0.006,-0.430,-107.910,126.709,-47.241,0.674,-12.45,1773811342085
0.389,0.100,-0.528,-157.349,109.192,-9.827,0.663,-8.06,1773811342114
0.157,0.148,-0.757,-201.355,92.529,28.564,0.787,-3.86,1773811342177
0.071,0.312,-0.947,-186.768,64.636,59.814,1.000,0.14,1773811342205
-0.146,0.230,-1.098,-179.565,45.471,103.149,1.132,3.66,1773811342237
-0.411,0.230,-1.169,-250.000,58.838,127.441,1.260,5.86,1773811342296
-0.480,-0.033,-1.088,-283.569,72.388,143.921,1.190,5.26,1773811342324
-0.696,-0.390,-0.967,-284.485,86.853,145.386,1.253,4.67,1773811342354
-0.787,-0.883,-0.794,-224.854,103.577,135.498,1.425,4.25,1773811342475
-0.929,-0.495,-0.572,-37.903,74.097,131.348,1.199,0.67,1773811342477
-0.691,-0.629,-0.527,39.856,33.264,93.628,1.073,-1.87,1773811342479
-0.629,-0.667,-0.555,-0.916,25.574,55.786,1.072,-1.18,1773811342538
-0.631,-0.797,-0.308,-46.021,29.968,30.518,1.063,-1.91,1773811342565
-0.546,-0.821,-0.278,-62.561,27.527,29.480,1.024,-4.01,1773811342595
-0.550,-0.572,-0.327,-105.774,14.771,15.686,0.858,-3.40,1773811342657
-0.556,-0.885,-0.249,-99.487,-11.780,5.371,1.074,0.01,1773811342685
-0.475,-0.942,-0.108,0.183,-46.631,12.634,1.061,-0.11,1773811342715
-0.418,-0.790,-0.161,-109.314,-49.927,25.818,0.908,-1.55,1773811342776
-0.450,-1.024,-0.411,-95.520,-64.819,36.011,1.191,1.67,1773811342804
-0.505,-0.928,-0.179,-5.615,-77.393,56.458,1.072,2.14,1773811342835
-0.385,-0.989,-0.089,-82.397,-74.463,53.894,1.064,-0.09,1773811342898
-0.164,-1.101,-0.122,-59.570,-82.214,50.415,1.120,0.59,1773811342925
-0.133,-1.079,-0.123,-17.578,-89.111,40.649,1.095,1.87,1773811342956
-0.083,-1.088,-0.163,-8.728,-85.815,29.663,1.103,-0.88,1773811343017
-0.139,-0.855,0.010,-57.678,-63.477,9.399,0.866,-2.06,1773811343044
-0.172,-1.141,-0.019,-160.156,-30.762,-23.682,1.154,0.89,1773811343104
-0.245,-1.146,0.027,-142.090,-44.250,-23.193,1.172,0.52,1773811343136
-0.260,-1.042,0.026,-22.705,-74.097,-19.409,1.074,-0.21,1773811343164
-0.235,-0.949,0.026,48.279,-97.961,-22.827,0.979,-1.25,1773811343195
-0.165,-1.027,0.068,-46.692,-87.708,-26.123,1.043,1.77,1773811343258
-0.062,-1.149,0.117,-48.401,-91.064,-27.100,1.157,0.03,1773811343287
-0.162,-1.043,0.108,-52.612,-92.957,-30.640,1.061,-1.12,1773811343315
-0.294,-1.037,0.049,-66.711,-95.825,-33.813,1.079,0.05,1773811343378
-0.352,-0.979,0.060,-31.067,-105.041,-36.377,1.042,0.64,1773811343404
-0.349,-0.994,0.126,-42.175,-100.220,-36.987,1.061,0.18,1773811343436
-0.364,-1.036,0.171,-67.749,-91.858,-36.987,1.111,-0.46,1773811343496
-0.350,-1.052,0.194,-74.951,-87.830,-37.720,1.126,0.65,1773811343524
-0.352,-1.018,0.143,-57.190,-89.233,-43.518,1.087,0.07,1773811343556
-0.310,-0.978,0.135,-75.317,-84.412,-51.636,1.035,-0.07,1773811343616
-0.293,-0.973,0.108,-76.477,-75.928,-49.866,1.022,-0.39,1773811343644
-0.237,-0.888,0.084,-86.121,-65.979,-43.335,0.923,-1.88,1773811343675
-0.227,-0.888,0.056,-99.182,-58.533,-31.250,0.918,-2.08,1773811343738
-0.211,-0.858,0.080,-102.539,-51.941,-14.404,0.887,-2.00,1773811343764
-0.159,-0.790,0.020,-107.727,-54.565,5.432,0.806,-2.29,1773811343794
-0.159,-0.792,-0.011,-72.144,-72.815,30.151,0.807,-2.14,1773811343856
-0.130,-0.783,-0.016,-60.974,-80.322,44.861,0.794,-1.29,1773811343888
-0.068,-0.834,-0.048,-26.428,-95.032,70.007,0.838,-0.80,1773811343916
-0.114,-0.928,0.013,-15.747,-104.553,90.027,0.935,0.48,1773811343976
-0.054,-1.030,-0.055,-44.189,-98.511,112.915,1.033,2.27,1773811344004
-0.018,-1.109,-0.337,-46.814,-100.037,123.779,1.160,3.52,1773811344037
0.107,-1.235,-0.534,-14.771,-93.384,120.789,1.350,5.56,1773811344095
0.263,-1.403,-0.706,7.507,-39.307,100.403,1.592,7.54,1773811344185
1.356,-1.495,-0.851,81.116,356.262,-21.912,2.191,12.56,1773811344214
2.137,-1.973,-0.679,86.853,641.296,-80.200,2.986,19.53,1773811344243
2.812,-3.016,-0.056,155.212,860.718,-148.438,4.124,29.64,1773811344307
3.477,-3.628,0.815,177.551,925.110,-217.468,5.091,37.41,1773811344339
3.245,-3.223,1.871,36.560,797.913,-361.084,4.941,33.49,1773811344366
2.210,-2.193,1.779,86.121,502.930,-425.354,3.586,13.95,1773811344425
1.820,-1.597,1.452,69.580,206.543,-421.631,2.823,-1.63,1773811344454
1.185,-1.029,1.131,117.737,0.610,-362.732,1.935,-21.89,1773811344485
0.925,-0.642,0.931,115.295,-108.337,-249.329,1.461,-36.30,1773811344550
0.630,-0.417,0.732,112.183,-127.197,-178.650,1.052,-38.89,1773811344578
0.414,-0.290,0.587,110.291,-122.192,-68.237,0.775,-28.12,1773811344605
0.222,-0.227,0.417,102.356,-111.267,-0.061,0.524,-23.00,1773811344677
-0.057,-0.313,0.333,100.464,-99.182,42.847,0.460,-14.74,1773811344694
-0.472,-0.266,0.054,78.308,-93.811,75.562,0.545,-9.16,1773811344727
-0.796,-0.391,0.025,46.021,-85.632,108.459,0.887,-1.65,1773811344785
-0.828,-0.531,-0.001,51.453,-73.914,140.198,0.983,2.09,1773811344844
-0.764,-0.692,-0.133,147.400,-76.294,154.846,1.039,5.16,1773811344846
-0.786,-0.710,-0.404,230.225,-94.604,152.832,1.134,6.73,1773811344907
-0.599,-0.803,-0.614,210.815,-100.464,132.996,1.175,6.30,1773811344938
-0.525,-0.793,-0.917,144.470,-82.520,110.168,1.321,4.34,1773811344965
-0.446,-0.850,-0.971,128.662,-59.937,95.154,1.365,3.82,1773811345027
-0.438,-0.664,-1.066,124.390,-38.147,91.431,1.330,2.91,1773811345056
-0.438,-0.416,-1.104,89.844,-24.048,82.458,1.259,1.25,1773811345084
-0.411,-0.178,-1.082,108.887,-28.442,72.144,1.171,-0.04,1773811345147
-0.414,-0.089,-0.909,133.728,-41.504,56.946,1.003,-3.18,1773811345175
-0.254,0.188,-1.120,135.010,-41.260,67.871,1.164,-2.02,1773811345205
-0.180,-0.236,-1.102,51.392,1.709,104.126,1.141,-1.89,1773811345268
-0.021,-0.102,-1.234,81.482,2.258,116.455,1.238,-0.21,1773811345295
-0.101,0.390,-1.294,43.030,-2.319,116.028,1.355,1.84,1773811345325
-0.277,-0.051,-0.972,26.489,2.014,112.549,1.012,0.09,1773811345390
-0.265,0.232,-1.028,5.493,32.471,95.703,1.087,-0.77,1773811345444
-0.109,-0.202,-1.510,34.302,28.137,97.473,1.528,3.87,1773811345473
-0.089,-0.008,-1.065,76.660,30.762,106.506,1.068,-1.70,1773811345507
-0.042,0.025,-0.906,112.244,44.067,114.624,0.907,-4.47,1773811345534
-0.027,0.011,-1.141,122.437,37.476,119.141,1.142,1.30,1773811345564
-0.084,0.104,-0.994,101.440,28.931,122.864,1.003,-0.84,1773811345655
-0.138,0.165,-1.088,104.187,22.583,116.882,1.109,-4.19,1773811345657
-0.125,0.080,-1.125,106.995,17.151,113.098,1.135,0.66,1773811345685
-0.227,0.110,-1.087,100.159,7.141,109.070,1.116,2.09,1773811345746
-0.237,0.006,-1.103,99.915,-4.517,106.506,1.128,-0.14,1773811345775
-0.243,0.047,-1.005,97.717,-15.076,107.056,1.035,0.32,1773811345807
-0.290,0.028,-0.972,71.777,-22.705,109.375,1.015,-0.94,1773811345865
-0.245,0.035,-0.878,49.500,-29.053,117.187,0.912,-2.22,1773811345895
-0.241,0.128,-0.792,83.435,-42.114,127.808,0.838,-2.78,1773811345925
-0.156,0.142,-0.758,68.359,-46.753,140.991,0.787,-3.41,1773811345992
-0.186,0.080,-0.731,53.528,-51.636,145.386,0.758,-2.76,1773811346014
-0.201,-0.014,-0.717,73.547,-69.397,153.442,0.745,-2.70,1773811346045
-0.218,0.035,-0.701,78.247,-77.148,149.109,0.735,-1.77,1773811346104
-0.272,0.016,-0.680,60.364,-74.280,134.766,0.733,-1.05,1773811346134
-0.393,-0.094,-0.749,67.993,-78.674,123.413,0.851,0.64,1773811346168
-0.422,-0.088,-0.745,49.988,-80.322,113.159,0.861,1.02,1773811346227
-0.492,-0.154,-0.832,27.161,-80.078,110.535,0.979,2.34,1773811346256
-0.478,-0.144,-0.856,-8.789,-74.768,104.370,0.991,2.56,1773811346284
-0.490,-0.210,-0.919,0.427,-78.308,105.225,1.063,3.30,1773811346346
-0.443,-0.254,-0.989,-20.752,-77.515,108.887,1.113,2.62,1773811346374
-0.331,-0.330,-1.004,-70.129,-69.214,115.051,1.107,2.47,1773811346405
-0.200,-0.457,-0.954,-106.934,-56.641,118.408,1.076,0.98,1773811346471
0.051,-0.663,-0.932,-102.356,-51.636,132.324,1.145,1.55,1773811346494
0.448,-0.810,-0.923,-158.936,-30.701,146.118,1.308,2.45,1773811346525
0.811,-1.007,-0.826,-119.751,-31.799,152.771,1.534,4.21,1773811346614
2.085,-0.971,-0.659,-72.815,-85.754,46.082,2.392,12.85,1773811346675
2.649,-0.972,-0.665,59.265,-175.476,-106.628,2.899,18.23,1773811346706
3.241,-0.837,-0.803,117.676,-287.598,-373.413,3.443,22.97,1773811346734
4.000,-0.627,-1.332,159.973,-416.199,-821.167,4.262,29.55,1773811346795
3.993,-0.703,-2.112,329.834,-418.152,-1072.083,4.571,30.37,1773811346824
4.000,-1.445,-1.828,504.578,-184.509,-1197.693,4.629,22.37,1773811346857
4.000,-1.338,-1.437,595.398,246.521,-964.294,4.456,15.57,1773811346917
3.314,-1.100,-1.261,316.162,375.854,-673.035,3.712,2.70,1773811346947
2.153,-0.794,-0.676,115.845,346.069,-480.347,2.392,-18.70,1773811346975
1.574,-0.608,-0.580,99.426,290.344,-356.384,1.784,-27.87,1773811347038
1.277,-0.333,-0.474,121.521,247.253,-261.414,1.402,-32.27,1773811347064
1.047,-0.168,-0.398,57.251,224.426,-203.430,1.133,-33.23,1773811347104
0.848,-0.083,-0.321,49.561,189.880,-157.898,0.911,-28.02,1773811347156
0.541,0.385,-0.531,-26.001,174.316,-112.183,0.850,-15.42,1773811347184
0.483,0.102,-0.330,-86.243,148.438,-58.777,0.594,-11.90,1773811347214
0.430,0.305,-0.490,-80.322,111.084,-4.822,0.719,-6.83,1773811347274
0.272,0.316,-0.539,-55.847,75.806,16.602,0.682,-4.51,1773811347304
0.278,0.478,-0.662,-72.754,52.917,56.824,0.863,-0.48,1773811347337
0.165,0.466,-0.691,-25.269,15.015,106.506,0.850,-0.01,1773811347397
0.006,0.390,-0.803,-11.292,-8.850,138.794,0.893,2.99,1773811347425
-0.027,0.293,-0.832,-27.161,-34.424,186.279,0.882,1.63,1773811347456
-0.309,0.151,-0.918,-14.465,-59.937,217.224,0.981,2.99,1773811347518
-0.415,0.027,-1.060,-30.762,-85.205,239.136,1.139,2.76,1773811347547
-0.468,0.001,-1.028,-12.695,-113.342,250.916,1.130,2.80,1773811347575
-0.487,-0.082,-1.342,-13.855,-140.625,261.230,1.430,5.37,1773811347638
-0.454,-0.166,-1.472,-41.443,-151.062,269.165,1.549,6.67,1773811347664
-0.393,-0.272,-1.585,-29.907,-141.418,280.334,1.655,6.74,1773811347695
-0.383,-0.264,-1.665,-20.508,-106.140,286.133,1.729,5.90,1773811347755
-0.430,-0.277,-1.721,48.279,-74.219,284.180,1.795,6.66,1773811347815
-0.304,-0.419,-1.723,85.693,-46.021,277.771,1.799,3.69,1773811347817
-0.224,-0.413,-1.579,140.015,-28.198,265.442,1.647,0.98,1773811347879
-0.185,-0.453,-1.502,162.231,-26.306,250.000,1.580,-0.75,1773811347905
-0.038,-0.434,-1.431,149.963,-21.606,234.863,1.496,-2.33,1773811347935
-0.030,-0.399,-1.272,167.114,-20.630,220.337,1.334,-4.62,1773811347996
-0.033,-0.279,-1.227,168.091,-23.743,203.369,1.259,-5.40,1773811348026
-0.064,-0.211,-1.234,168.213,-32.715,185.791,1.254,-3.93,1773811348054
-0.072,-0.133,-1.219,150.757,-46.814,171.997,1.228,-3.52,1773811348117
-0.169,-0.198,-1.161,144.409,-53.345,166.504,1.189,-3.06,1773811348144
-0.270,-0.191,-1.044,137.146,-66.040,155.701,1.096,-2.38,1773811348174
-0.273,-0.119,-0.841,124.390,-80.078,148.621,0.892,-3.67,1773811348237
-0.269,-0.048,-0.660,95.215,-100.769,140.259,0.715,-5.39,1773811348266
-0.212,-0.005,-0.542,48.584,-112.793,132.263,0.582,-6.47,1773811348325
-0.201,0.056,-0.482,53.711,-125.610,143.616,0.525,-6.64,1773811348354
-0.264,0.104,-0.513,40.283,-130.188,151.062,0.586,-5.10,1773811348385
-0.296,0.191,-0.423,1.282,-126.953,154.419,0.550,-3.42,1773811348445
-0.412,0.116,-0.448,19.287,-124.634,153.992,0.619,-0.95,1773811348475
-0.497,0.103,-0.484,23.682,-121.277,148.865,0.701,1.20,1773811348504
-0.578,-0.009,-0.531,3.906,-115.967,142.883,0.785,2.59,1773811348534
-0.674,-0.125,-0.634,17.029,-118.896,139.404,0.934,3.48,1773811348597
-0.645,-0.153,-0.783,-8.606,-119.141,131.836,1.026,4.76,1773811348625
-0.513,-0.365,-0.994,-23.987,-116.577,126.587,1.177,5.57,1773811348655
-0.261,-0.555,-1.229,-62.317,-100.342,116.272,1.374,6.73,1773811348721
0.002,-0.718,-1.251,-128.845,-74.463,124.207,1.443,6.58,1773811348744
0.550,-1.028,-1.252,-167.419,-55.115,148.987,1.711,7.77,1773811348835
2.044,-1.270,-1.021,-246.948,-76.416,204.590,2.614,15.88,1773811348864
2.998,-1.120,-0.799,-84.961,-175.476,94.116,3.299,21.22,1773811348927
3.758,-0.667,-0.991,26.917,-311.279,-119.629,3.943,25.69,1773811348954
4.000,-0.226,-1.706,139.404,-586.243,-713.684,4.354,29.12,1773811348984
3.994,-0.415,-2.508,429.749,-589.478,-1168.396,4.734,30.23,1773811349047
4.000,-1.268,-2.131,697.449,-200.989,-1322.998,4.706,20.92,1773811349076
4.000,-1.396,-1.897,607.605,255.310,-1079.102,4.642,13.43,1773811349104
3.836,-1.098,-1.125,311.890,386.230,-750.366,4.146,2.03,1773811349168
2.322,-0.856,-0.919,182.739,337.707,-514.343,2.640,-17.15,1773811349195
1.915,-0.664,-0.556,183.716,301.392,-346.008,2.101,-26.33,1773811349226
1.358,-0.320,-0.469,78.552,286.194,-232.422,1.472,-32.34,1773811349287
1.132,-0.206,-0.328,47.546,244.385,-157.654,1.197,-34.45,1773811349321
0.858,0.022,-0.209,7.507,213.928,-101.624,0.883,-32.63,1773811349345
0.559,0.171,-0.300,-13.306,173.584,-57.800,0.657,-19.82,1773811349407
0.264,0.369,-0.474,-96.375,144.897,5.249,0.656,-14.45,1773811349434
0.238,0.323,-0.473,-98.877,103.760,50.537,0.620,-8.52,1773811349464
0.227,0.505,-0.560,-82.520,55.237,67.139,0.788,-4.09,1773811349527
0.165,0.582,-0.659,-86.670,29.541,80.872,0.895,0.12,1773811349554
0.065,0.463,-0.719,-100.708,4.272,119.690,0.857,2.00,1773811349587
-0.027,0.502,-0.757,-90.942,-28.564,155.823,0.909,2.53,1773811349648
0.020,0.609,-0.787,-76.721,-56.641,204.712,0.996,3.76,1773811349675
-0.125,0.346,-0.996,-44.067,-84.473,208.679,1.062,2.74,1773811349705
-0.233,0.195,-1.018,-9.644,-108.887,204.651,1.063,1.68,1773811349764
-0.349,-0.112,-1.171,11.841,-132.080,213.562,1.227,3.70,1773811349794
-0.448,-0.177,-1.310,-18.982,-145.630,232.849,1.396,4.87,1773811349827
-0.381,-0.296,-1.430,-56.702,-140.808,256.409,1.509,5.13,1773811349887
-0.366,-0.477,-1.543,-55.176,-112.610,277.588,1.656,5.94,1773811349914
-0.405,-0.502,-1.617,2.563,-72.632,284.302,1.740,6.78,1773811349944
-0.429,-0.587,-1.859,60.852,-33.325,288.818,1.996,7.69,1773811350008
-0.357,-0.569,-1.887,125.122,-11.963,291.138,2.003,6.08,1773811350036
-0.321,-0.417,-1.828,159.729,-8.179,283.752,1.902,3.93,1773811350064
-0.166,-0.436,-1.702,166.931,-9.521,266.907,1.764,1.08,1773811350126
-0.128,-0.456,-1.719,199.219,-11.963,246.033,1.783,0.43,1773811350156
-0.094,-0.399,-1.513,214.355,-19.775,222.473,1.567,-4.29,1773811350187
-0.114,-0.412,-1.312,179.993,-26.855,199.097,1.379,-6.24,1773811350246
-0.132,-0.462,-1.173,163.757,-32.227,189.636,1.267,-6.34,1773811350275
-0.113,-0.387,-0.946,159.485,-43.457,170.532,1.028,-7.36,1773811350334
-0.130,-0.229,-0.744,151.489,-56.763,160.461,0.789,-9.94,1773811350364
-0.147,-0.198,-0.607,142.029,-79.224,155.701,0.655,-9.12,1773811350396
-0.202,-0.062,-0.514,113.281,-101.929,153.503,0.556,-8.23,1773811350426
-0.224,0.026,-0.457,89.783,-123.535,164.917,0.509,-7.58,1773811350485
-0.211,0.105,-0.433,48.096,-134.094,171.082,0.493,-5.35,1773811350514
-0.252,0.142,-0.422,19.592,-133.484,174.744,0.511,-2.78,1773811350544
-0.278,0.138,-0.434,32.593,-134.277,177.429,0.533,-1.22,1773811350605
-0.330,0.104,-0.498,22.583,-129.700,173.950,0.607,0.51,1773811350634
-0.432,0.055,-0.571,24.658,-129.211,175.720,0.719,2.09,1773811350667
-0.511,-0.009,-0.616,-0.122,-121.094,172.058,0.800,3.08,1773811350730
-0.541,-0.285,-0.750,13.977,-119.019,176.147,0.967,4.56,1773811350755
-0.370,-0.443,-0.847,-11.597,-106.079,183.960,1.025,4.92,1773811350786
-0.286,-0.689,-0.917,-48.096,-80.872,186.890,1.183,5.76,1773811350844
-0.074,-0.766,-0.966,-84.900,-60.791,185.181,1.235,5.16,1773811350876
0.186,-1.064,-1.008,-123.657,-41.321,186.157,1.478,6.77,1773811350904
0.690,-1.197,-0.941,-215.332,-10.254,188.293,1.672,7.05,1773811350995
2.255,-1.230,-0.955,-169.434,-65.063,180.115,2.741,17.16,1773811351057
3.114,-1.250,-1.179,7.690,-200.500,76.172,3.557,23.74,1773811351084
3.759,-0.573,-1.554,83.130,-389.099,-172.424,4.108,28.73,1773811351117
4.000,-0.192,-2.235,99.121,-606.873,-612.061,4.586,31.09,1773811351178
4.000,-0.115,-2.766,309.265,-684.814,-1102.112,4.865,31.93,1773811351206
4.000,-1.405,-2.537,663.513,-399.963,-1375.976,4.941,22.00,1773811351235
4.000,-1.486,-1.797,775.940,202.148,-1203.430,4.630,10.73,1773811351330
3.998,-1.227,-1.691,368.164,442.322,-846.497,4.511,4.04,1773811351332
2.666,-1.133,-0.991,168.030,397.644,-588.013,3.062,-15.25,1773811351356
1.943,-0.834,-0.573,197.754,345.825,-392.090,2.191,-26.74,1773811351417
1.532,-0.309,-0.568,130.066,317.444,-257.935,1.663,-32.77,1773811351445
1.378,-0.111,-0.337,61.890,283.081,-177.368,1.423,-32.07,1773811351479
0.916,0.041,-0.244,48.767,240.234,-106.567,0.949,-35.62,1773811351537
0.721,0.315,-0.285,64.270,206.970,-64.087,0.837,-22.25,1773811351570
0.545,0.420,-0.264,31.555,151.245,-9.155,0.737,-14.54,1773811351595
0.145,1.003,-0.493,-47.485,112.244,65.430,1.127,-5.36,1773811351657
0.285,0.566,-0.366,-133.179,100.220,110.352,0.732,-6.91,1773811351684
0.152,0.631,-0.529,-95.154,49.561,117.065,0.837,-1.12,1773811351715
0.109,0.842,-0.590,-99.365,19.470,144.165,1.034,1.97,1773811351779
-0.080,0.661,-0.548,-64.270,-20.569,174.499,0.862,1.25,1773811351806
-0.169,0.632,-0.604,-60.547,-57.068,192.200,0.890,-2.37,1773811351834
-0.290,0.472,-0.561,-65.247,-86.853,214.172,0.788,0.57,1773811351898
-0.353,0.287,-0.570,-46.814,-114.075,229.309,0.729,-1.08,1773811351925
-0.232,0.185,-0.578,8.484,-149.048,234.558,0.650,-3.85,1773811351954
-0.079,0.198,-0.756,0.549,-174.377,217.163,0.785,-0.77,1773811352017
-0.087,0.016,-1.075,-54.199,-181.152,200.256,1.079,1.89,1773811352046
-0.066,-0.262,-1.371,-73.242,-168.701,207.764,1.398,6.09,1773811352075
-0.184,-0.460,-1.619,-42.603,-151.062,241.760,1.693,9.64,1773811352137
-0.093,-0.555,-1.878,-49.255,-108.459,272.278,1.961,13.11,1773811352195
-0.167,-0.672,-1.995,-5.005,-66.101,293.030,2.112,13.27,1773811352197
-0.254,-0.763,-1.952,54.626,-34.058,302.429,2.111,10.32,1773811352255
-0.184,-0.691,-1.833,87.341,-11.841,301.636,1.968,5.70,1773811352284
-0.156,-0.713,-1.741,104.248,4.150,297.546,1.888,1.95,1773811352315
-0.067,-0.659,-1.541,162.476,3.357,282.349,1.678,-2.83,1773811352380
-0.027,-0.586,-1.452,173.950,-3.601,266.663,1.566,-5.47,1773811352405
0.024,-0.484,-1.359,171.631,-12.146,234.070,1.443,-6.67,1773811352435
-0.035,-0.483,-1.242,171.875,-22.522,208.130,1.333,-6.35,1773811352495
-0.031,-0.341,-1.100,173.096,-29.541,188.965,1.153,-7.35,1773811352527
-0.058,-0.375,-0.960,170.593,-45.288,159.363,1.032,-6.46,1773811352554
-0.126,-0.296,-0.895,143.372,-59.937,140.625,0.951,-6.15,1773811352617
-0.146,-0.265,-0.743,107.422,-72.876,127.319,0.802,-6.41,1773811352647
-0.179,-0.249,-0.705,79.590,-84.534,123.108,0.768,-5.65,1773811352680
-0.138,-0.044,-0.553,63.843,-96.069,125.854,0.572,-5.81,1773811352736
-0.154,0.038,-0.508,47.180,-109.802,142.517,0.532,-5.00,1773811352765
-0.200,0.067,-0.486,19.043,-122.925,159.119,0.530,-4.21,1773811352798
-0.232,0.156,-0.434,-26.123,-126.892,169.495,0.516,-2.86,1773811352856
-0.312,0.097,-0.411,-15.259,-130.981,175.842,0.525,-2.43,1773811352884
-0.412,0.033,-0.406,3.845,-128.906,177.551,0.579,0.07,1773811352914
-0.605,0.047,-0.568,12.634,-128.479,172.607,0.831,2.99,1773811352975
-0.755,-0.068,-0.761,4.883,-132.385,149.719,1.074,5.44,1773811353006
-0.699,-0.298,-0.912,18.921,-129.089,125.916,1.188,6.72,1773811353037
-0.422,-0.630,-1.120,-37.598,-91.309,114.929,1.353,8.28,1773811353099
-0.389,-0.805,-1.243,-74.768,-69.153,124.146,1.531,9.51,1773811353184
0.885,-1.272,-1.244,-331.848,2.197,227.905,1.987,11.56,1773811353215
1.743,-1.463,-1.072,-345.398,14.771,260.437,2.516,14.42,1773811353248
2.563,-1.462,-1.002,-115.540,-99.182,192.688,3.116,19.28,1773811353308
3.962,-1.368,-0.812,-62.256,-278.442,-43.884,4.269,29.16,1773811353334
3.596,-1.058,-1.548,40.283,-585.693,-490.295,4.055,25.24,1773811353399
4.000,-0.845,-2.377,270.325,-737.244,-984.741,4.729,27.42,1773811353424
4.000,-1.588,-2.316,624.939,-473.755,-1287.659,4.887,23.72,1773811353454
4.000,-1.492,-1.694,848.999,120.850,-1169.800,4.593,14.77,1773811353485
4.000,-0.969,-1.734,376.099,416.443,-843.689,4.466,1.97,1773811353548
3.049,-1.126,-0.934,151.550,390.564,-607.483,3.382,-6.73,1773811353575
1.831,-0.809,-0.690,196.533,328.369,-420.959,2.118,-26.11,1773811353606
1.629,-0.371,-0.520,192.139,283.813,-268.005,1.749,-31.38,1773811353664
1.243,-0.106,-0.320,47.974,265.503,-180.054,1.287,-33.05,1773811353694
0.836,-0.034,-0.314,38.086,218.323,-113.708,0.894,-35.72,1773811353731
0.679,0.177,-0.378,7.996,166.809,-48.462,0.797,-25.85,1773811353786
0.539,0.303,-0.388,-30.823,141.663,-18.188,0.730,-13.88,1773811353815
0.456,0.379,-0.410,-74.951,113.159,15.015,0.721,-10.29,1773811353847
0.278,0.525,-0.574,-115.051,84.290,56.763,0.826,-4.61,1773811353906
0.203,0.496,-0.625,-106.262,62.561,76.111,0.823,-0.71,1773811353934
0.112,0.445,-0.670,-76.660,30.151,96.680,0.812,0.16,1773811353966
0.029,0.503,-0.756,-62.683,3.601,109.192,0.908,1.78,1773811354028
-0.136,0.419,-0.775,-70.557,-18.188,133.850,0.892,1.71,1773811354087
-0.223,0.425,-0.789,-59.021,-49.683,165.466,0.923,0.97,1773811354088
-0.237,0.367,-0.778,-49.927,-89.111,198.853,0.892,0.69,1773811354145
-0.138,0.163,-0.914,-51.514,-117.126,219.238,0.938,1.26,1773811354174
-0.210,-0.089,-1.172,-44.373,-136.414,219.360,1.194,2.86,1773811354207
-0.380,-0.247,-1.270,-20.996,-148.804,231.445,1.348,4.56,1773811354324
-0.466,-0.356,-1.427,-1.282,-148.254,247.070,1.543,6.19,1773811354326
-0.374,-0.312,-1.552,-19.104,-126.953,263.794,1.627,7.34,1773811354328
-0.414,-0.345,-1.762,-18.860,-102.417,272.095,1.843,9.04,1773811354387
-0.385,-0.452,-1.847,-1.587,-71.655,281.311,1.940,7.46,1773811354416
-0.396,-0.557,-1.835,70.312,-45.959,286.682,1.958,6.10,1773811354517
-0.357,-0.357,-1.782,129.150,-38.940,282.104,1.852,3.09,1773811354519
-0.279,-0.355,-1.745,123.108,-36.194,272.766,1.802,1.76,1773811354535
-0.230,-0.323,-1.607,168.518,-31.616,253.174,1.655,-1.87,1773811354563
-0.169,-0.339,-1.474,202.270,-33.752,231.018,1.522,-4.18,1773811354626
-0.190,-0.267,-1.273,208.984,-37.598,215.698,1.315,-6.43,1773811354654
-0.188,-0.234,-1.103,166.443,-49.561,187.683,1.143,-7.09,1773811354684
-0.179,-0.225,-1.021,142.395,-57.678,168.884,1.060,-7.42,1773811354753
-0.190,-0.240,-0.950,131.226,-63.782,155.212,0.998,-6.58,1773811354776
-0.197,-0.167,-0.851,111.694,-67.993,142.456,0.889,-6.33,1773811354805
-0.224,-0.112,-0.724,94.238,-76.233,132.263,0.766,-5.49,1773811354866
-0.205,0.049,-0.576,80.078,-89.111,124.878,0.613,-5.30,1773811354896
-0.216,0.180,-0.501,64.636,-104.858,137.390,0.574,-4.86,1773811354926
-0.285,0.193,-0.498,26.917,-116.211,147.888,0.606,-3.92,1773811354987
-0.316,0.244,-0.422,7.324,-124.939,150.146,0.581,-3.09,1773811355016
-0.420,0.180,-0.423,27.405,-133.423,149.841,0.623,-1.44,1773811355077
-0.414,0.115,-0.390,14.709,-128.662,153.076,0.580,-0.33,1773811355104
-0.555,0.016,-0.495,1.038,-120.117,157.410,0.744,1.70,1773811355134
-0.666,-0.106,-0.621,48.950,-138.733,156.128,0.917,3.11,1773811355166
-0.625,-0.166,-0.809,-33.569,-131.470,150.818,1.035,4.55,1773811355229
-0.498,-0.432,-0.894,-76.965,-115.784,149.719,1.111,4.88,1773811355256
-0.359,-0.651,-1.009,-95.215,-86.792,160.278,1.253,6.73,1773811355285
-0.061,-0.865,-1.115,-158.997,-63.354,182.373,1.412,6.69,1773811355349
0.362,-1.140,-1.170,-255.066,-39.246,201.843,1.674,7.57,1773811355437
1.848,-1.392,-0.816,-182.068,-79.041,188.049,2.453,14.18,1773811355465
3.167,-1.259,-0.233,-66.223,-202.942,-8.850,3.416,23.05,1773811355496
2.506,-0.894,-1.025,116.699,-424.072,-398.987,2.851,15.98,1773811355556
4.000,-0.831,-1.810,221.619,-562.378,-828.491,4.468,30.56,1773811355587
3.986,-0.932,-2.057,485.962,-435.242,-1103.210,4.582,29.08,1773811355617
4.000,-0.936,-1.671,748.291,-27.588,-1102.234,4.435,19.82,1773811355679
3.996,-0.512,-1.563,532.471,318.054,-857.178,4.321,9.05,1773811355706
3.081,-0.637,-1.042,234.375,367.065,-596.985,3.314,4.63,1773811355734
2.027,-0.384,-0.734,135.132,308.533,-408.630,2.190,-22.78,1773811355797
1.749,0.000,-0.414,118.652,253.235,-279.114,1.798,-27.84,1773811355855
1.184,0.109,-0.431,99.854,208.435,-148.376,1.264,-31.71,1773811355857
1.030,0.134,-0.394,21.667,176.086,-72.876,1.111,-32.10,1773811355925
0.760,0.161,-0.339,16.235,134.583,-29.480,0.847,-24.67,1773811355944
0.537,0.198,-0.533,-20.630,104.492,5.310,0.782,-14.07,1773811355975
0.451,0.201,-0.455,-54.016,76.904,32.593,0.672,-11.26,1773811356039
0.307,0.246,-0.447,-56.641,62.439,39.062,0.596,-6.68,1773811356067
0.125,0.224,-0.480,-10.803,16.541,51.819,0.545,-5.66,1773811356095
0.007,0.525,-0.688,-59.387,-12.451,82.336,0.866,0.18,1773811356156
-0.066,0.666,-0.543,-17.639,-68.726,164.307,0.862,0.79,1773811356187
0.069,0.135,-0.813,-52.673,-102.783,170.044,0.827,1.55,1773811356216
-0.058,0.095,-0.800,-39.612,-128.479,171.143,0.807,2.11,1773811356277
-0.101,-0.037,-1.193,-30.273,-155.518,178.955,1.198,6.53,1773811356305
-0.220,-0.136,-1.356,-50.842,-180.908,184.387,1.381,5.15,1773811356336
-0.159,-0.290,-1.535,-83.557,-182.190,213.684,1.570,7.08,1773811356400
-0.184,-0.414,-1.792,-97.107,-167.297,245.422,1.849,10.22,1773811356424
-0.240,-0.571,-1.918,-101.257,-133.118,289.185,2.016,12.09,1773811356455
-0.112,-0.706,-1.755,-53.284,-99.304,326.599,1.895,6.97,1773811356516
0.097,-0.595,-1.492,10.010,-85.449,358.948,1.609,2.29,1773811356543
0.142,-0.758,-1.535,9.155,-54.260,367.065,1.718,1.48,1773811356574
0.330,-0.426,-1.261,109.985,-63.599,375.366,1.372,-4.77,1773811356639
0.547,-0.430,-1.401,86.853,-73.242,359.375,1.565,-4.51,1773811356667
0.567,-0.505,-1.223,1.282,-33.081,350.342,1.440,-4.56,1773811356695
0.474,-0.346,-1.094,87.524,-14.526,337.463,1.242,-3.68,1773811356757
0.332,-0.269,-1.062,63.782,-15.259,324.768,1.144,-5.74,1773811356784
0.226,-0.291,-0.963,34.973,-26.306,299.133,1.031,-3.40,1773811356816
0.223,-0.278,-0.878,20.081,-24.963,259.338,0.947,-6.17,1773811356876
0.105,-0.339,-0.943,15.320,-25.635,222.168,1.008,-4.32,1773811356904
0.014,-0.331,-0.899,9.521,-21.912,181.396,0.958,-2.84,1773811356940
-0.037,-0.226,-0.921,15.625,-27.893,149.719,0.949,-1.95,1773811356997
-0.111,-0.146,-0.872,-21.851,-19.409,117.554,0.891,-1.40,1773811357024
-0.190,-0.063,-0.858,-4.456,-23.254,96.436,0.881,-0.66,1773811357054
-0.182,0.035,-0.906,13.916,-31.677,76.477,0.924,-0.84,1773811357120
-0.115,0.086,-0.948,-35.645,-21.484,68.909,0.958,0.00,1773811357144
-0.142,0.105,-0.930,-27.588,-19.958,67.322,0.947,-0.03,1773811357175
-0.050,0.130,-0.908,-37.109,-7.996,75.623,0.918,0.27,1773811357238
-0.104,0.019,-0.886,-49.072,2.502,93.140,0.893,0.11,1773811357276
-0.130,-0.025,-0.884,-76.111,7.507,107.239,0.893,-0.31,1773811357326
-0.163,-0.171,-0.870,-67.261,1.160,120.117,0.902,-0.57,1773811357354
-0.122,-0.281,-0.861,-72.815,-2.686,123.291,0.914,-0.33,1773811357384
-0.028,-0.420,-0.856,-67.993,-9.766,124.573,0.954,0.36,1773811357416
0.044,-0.579,-0.828,-98.511,-14.709,115.967,1.011,1.19,1773811357475
0.360,-0.704,-0.775,-104.553,-17.944,115.967,1.107,2.14,1773811357506
0.577,-0.867,-0.689,-174.805,-9.827,116.821,1.249,3.47,1773811357535
0.979,-0.986,-0.533,-130.615,-30.029,118.713,1.488,5.74,1773811357599
1.368,-0.936,-0.365,-97.961,-60.730,82.764,1.697,7.43,1773811357687
2.945,-1.110,-0.240,119.141,-268.799,-293.091,3.156,21.45,1773811357752
4.000,-1.296,-0.724,171.875,-404.236,-602.905,4.267,31.59,1773811357753
3.990,-1.006,-1.735,196.838,-478.516,-911.499,4.465,32.17,1773811357806
4.000,-0.950,-2.227,302.917,-450.867,-1136.658,4.676,31.88,1773811357834
4.000,-1.448,-1.244,698.120,-113.220,-1141.174,4.432,27.35,1773811357864
3.950,-0.654,-1.303,650.757,326.172,-855.652,4.211,10.54,1773811357926
2.531,-0.513,-1.038,220.703,406.067,-560.486,2.783,-14.84,1773811357954
1.639,-0.460,-0.599,52.795,329.285,-388.428,1.804,-26.61,1773811357987
1.212,0.039,-0.667,35.156,258.057,-228.760,1.384,-32.92,1773811358046
1.104,-0.127,-0.618,10.925,206.604,-125.244,1.272,-31.60,1773811358074
0.915,-0.053,-0.519,-13.550,172.424,-91.553,1.053,-31.58,1773811358105
0.660,-0.094,-0.472,10.681,128.357,-56.946,0.817,-19.66,1773811358178
0.493,0.002,-0.569,-2.686,97.534,-25.208,0.753,-10.51,1773811358196
0.396,0.159,-0.506,-19.836,62.195,13.245,0.662,-7.22,1773811358226
0.357,0.263,-0.452,-18.555,18.433,50.720,0.633,-6.39,1773811358287
0.368,0.317,-0.461,-29.968,-24.841,94.177,0.670,-3.83,1773811358315
0.237,0.244,-0.542,-74.219,-52.979,115.173,0.640,-1.77,1773811358344
0.116,0.048,-0.614,-88.074,-88.257,143.188,0.627,-1.26,1773811358404
-0.107,-0.007,-1.152,-148.621,-123.596,171.997,1.157,4.96,1773811358440
-0.324,-0.083,-1.517,-260.193,-142.700,219.482,1.553,9.20,1773811358469
-0.463,-0.249,-1.880,-260.803,-124.878,256.775,1.952,12.82,1773811358527
-0.378,-0.599,-2.091,-102.722,-68.604,288.269,2.208,15.68,1773811358555
-0.629,-0.372,-2.032,44.678,-40.894,298.279,2.159,15.32,1773811358585
-0.457,-0.333,-1.769,50.171,-22.034,294.189,1.857,6.99,1773811358647
-0.310,-0.501,-1.573,93.384,-7.202,278.320,1.680,1.26,1773811358708
-0.328,-0.471,-1.476,110.474,-0.305,258.728,1.584,-3.68,1773811358710
-0.124,-0.500,-1.417,132.446,1.831,244.080,1.508,-7.00,1773811358765
-0.001,-0.463,-1.417,175.781,-3.845,230.041,1.491,-6.68,1773811358794
0.165,-0.408,-1.344,171.204,-12.268,220.642,1.414,-4.43,1773811358826
0.222,-0.394,-1.274,155.762,-17.761,205.688,1.352,-3.27,1773811358885
0.151,-0.357,-1.164,158.630,-22.217,196.289,1.227,-3.56,1773811358948
0.036,-0.285,-1.154,148.499,-30.518,179.993,1.189,-3.19,1773811358949
-0.039,-0.254,-1.066,117.798,-37.659,169.373,1.097,-3.94,1773811359005
-0.037,-0.189,-0.978,102.234,-50.598,156.006,0.997,-4.17,1773811359038
-0.044,-0.045,-0.779,103.516,-65.674,154.724,0.781,-5.71,1773811359064
-0.048,0.082,-0.735,88.440,-82.581,169.312,0.741,-4.87,1773811359126
-0.108,0.106,-0.668,35.461,-88.806,176.147,0.685,-5.04,1773811359158
-0.178,0.104,-0.526,50.903,-95.337,179.382,0.565,-5.32,1773811359187
-0.273,0.132,-0.465,52.551,-100.403,177.002,0.555,-4.42,1773811359245
-0.416,0.004,-0.449,36.926,-100.281,180.603,0.612,-1.69,1773811359276
-0.555,-0.136,-0.511,28.687,-108.276,191.895,0.767,0.26,1773811359304
-0.641,-0.262,-0.514,0.854,-118.469,200.378,0.862,1.77,1773811359366
-0.622,-0.590,-0.699,-5.798,-140.625,210.571,1.106,5.42,1773811359396
-0.277,-0.819,-0.778,-74.707,-125.244,219.727,1.163,6.07,1773811359425
0.000,-1.119,-0.930,-146.729,-86.121,236.755,1.455,8.43,1773811359486
0.229,-1.252,-0.942,-202.759,-62.012,254.028,1.583,8.16,1773811359514
1.029,-1.403,-0.741,-301.636,-34.912,255.493,1.891,10.29,1773811359544
1.820,-1.404,-0.479,-245.361,-42.358,208.557,2.348,12.42,1773811359608
2.947,-1.320,-0.329,-92.590,-112.732,128.845,3.246,20.84,1773811359697
4.000,-0.636,-1.839,237.610,-532.166,-640.686,4.448,29.93,1773811359725
3.998,-0.552,-2.607,438.110,-523.315,-1176.636,4.804,32.21,1773811359788
4.000,-1.206,-2.190,667.114,-156.250,-1305.664,4.717,28.26,1773811359815
4.000,-0.859,-1.769,645.935,305.786,-1053.223,4.457,21.09,1773811359848
3.998,-0.818,-1.226,472.229,451.965,-678.528,4.261,10.15,1773811359875
2.669,-0.745,-0.911,227.783,452.515,-407.349,2.917,-15.31,1773811359935
2.061,-0.537,-0.462,106.445,378.113,-233.887,2.179,-26.25,1773811359964
1.352,0.005,-0.079,106.018,278.809,-109.863,1.354,-33.63,1773811359995
0.978,-0.007,-0.365,25.635,199.097,-36.499,1.044,-34.14,1773811360055
0.860,0.104,-0.112,-50.964,146.790,2.625,0.874,-33.87,1773811360087
0.514,0.179,-0.247,-54.626,93.201,32.410,0.598,-23.19,1773811360114
0.336,0.213,-0.318,-99.792,59.021,71.289,0.509,-16.70,1773811360205
-0.046,0.507,-0.475,-63.293,1.770,105.591,0.697,-6.57,1773811360206
0.125,0.368,-0.446,-80.566,-59.082,150.635,0.591,-4.53,1773811360234
0.056,0.418,-0.509,-87.402,-104.370,197.449,0.661,-2.13,1773811360325
-0.045,0.195,-0.811,-110.291,-139.587,229.858,0.835,2.37,1773811360327
-0.349,-0.013,-1.208,-115.234,-169.617,257.568,1.257,7.48,1773811360354
-0.378,-0.177,-1.611,-69.824,-194.824,287.720,1.665,9.68,1773811360418
-0.455,-0.217,-2.051,-45.471,-184.753,304.321,2.112,15.21,1773811360444
-0.598,-0.359,-2.491,-19.043,-134.644,321.838,2.587,19.26,1773811360475
-0.656,-0.493,-2.446,148.254,-66.406,313.293,2.580,17.45,1773811360536
-0.792,-0.477,-2.180,254.883,-57.007,299.500,2.368,11.11,1773811360566
-0.738,-0.464,-1.862,257.874,-73.059,275.269,2.056,3.92,1773811360595
-0.401,-0.520,-1.662,219.055,-78.979,254.028,1.787,-3.25,1773811360655
-0.219,-0.640,-1.512,203.430,-70.862,235.596,1.656,-9.31,1773811360684
-0.002,-0.618,-1.262,218.445,-58.350,215.881,1.405,-11.74,1773811360717
0.021,-0.480,-1.018,208.191,-60.425,189.880,1.126,-12.42,1773811360777
-0.022,-0.415,-0.789,175.842,-77.454,166.809,0.892,-11.65,1773811360806
-0.065,-0.319,-0.628,120.605,-92.163,141.968,0.707,-10.79,1773811360836
-0.062,-0.182,-0.472,80.933,-102.966,129.761,0.509,-11.47,1773811360898
-0.188,-0.007,-0.383,54.382,-116.150,135.498,0.427,-9.78,1773811360924
-0.201,0.182,-0.324,59.753,-141.968,145.569,0.422,-7.03,1773811360955
-0.248,0.177,-0.348,9.155,-160.461,145.752,0.463,-4.29,1773811361015
-0.294,0.138,-0.393,20.996,-172.607,145.325,0.510,-1.97,1773811361047
-0.318,0.123,-0.540,3.967,-176.697,140.991,0.638,1.29,1773811361076
-0.350,-0.071,-0.676,-3.479,-171.143,137.817,0.765,3.38,1773811361141
-0.376,-0.169,-0.842,24.048,-177.795,136.475,0.937,5.14,1773811361164
-0.356,-0.283,-1.062,-6.897,-171.143,123.596,1.156,6.93,1773811361195
-0.374,-0.454,-1.196,-10.254,-159.180,109.619,1.333,8.23,1773811361255
-0.186,-0.696,-1.390,-111.450,-125.488,125.427,1.565,9.27,1773811361288
0.193,-0.972,-1.367,-216.980,-91.980,174.988,1.688,9.24,1773811361345
0.692,-1.096,-1.326,-357.544,-47.241,237.610,1.854,9.17,1773811361374
1.776,-1.129,-0.972,-444.641,1.221,266.724,2.318,11.62,1773811361405
2.902,-1.368,-0.714,-270.935,-14.709,228.943,3.286,19.54,1773811361435
3.812,-0.701,-0.829,-14.832,-164.612,61.096,3.964,23.99,1773811361496
3.966,-0.092,-0.982,108.887,-386.353,-341.186,4.087,23.99,1773811361526
4.000,0.147,-2.519,313.965,-607.483,-893.188,4.730,28.75,1773811361555
3.999,-0.096,-2.841,430.420,-506.042,-1277.710,4.907,25.89,1773811361646
4.000,-0.956,-2.002,718.262,-90.210,-1313.110,4.574,12.88,1773811361707
2.916,-0.797,-1.108,180.969,460.449,-609.863,3.220,-7.44,1773811361734
1.687,-0.750,-0.528,72.632,369.629,-424.561,1.920,-21.67,1773811361765
1.148,-0.279,-0.413,146.606,285.767,-271.362,1.251,-34.78,1773811361829
0.947,-0.042,-0.244,89.783,221.924,-165.222,0.979,-39.28,1773811361855
0.964,-0.052,-0.185,0.610,178.223,-95.581,0.983,-35.91,1773811361885
0.624,-0.014,-0.279,-41.199,126.343,-53.162,0.684,-25.36,1773811361948
0.439,-0.048,-0.391,-143.433,123.718,-11.841,0.590,-13.30,1773811361975
0.343,0.350,-0.346,-95.398,75.256,55.542,0.600,-6.52,1773811362005
0.438,0.401,-0.331,-111.511,47.607,92.224,0.680,-2.99,1773811362067
0.347,0.572,-0.478,-147.766,20.386,131.226,0.822,-1.61,1773811362094
0.044,0.490,-0.631,-172.058,-7.751,164.673,0.800,1.17,1773811362124
-0.208,0.420,-0.718,-178.833,-23.071,200.500,0.858,2.68,1773811362198
-0.310,0.315,-0.694,-143.372,-27.649,228.210,0.823,2.23,1773811362216
-0.282,0.578,-0.786,-136.963,-9.827,220.703,1.016,3.36,1773811362245
0.080,-0.811,-1.878,-146.118,-56.091,201.660,2.047,12.25,1773811362304
-0.331,-1.220,-1.051,-106.384,-85.205,281.860,1.644,8.44,1773811362334
-0.427,-0.974,-0.894,-75.317,-65.063,308.899,1.389,5.32,1773811362364
-0.260,-1.056,-0.811,-83.130,-21.912,300.781,1.357,5.34,1773811362431
-0.213,-1.171,-0.885,-115.479,19.592,286.499,1.483,4.67,1773811362457
-0.075,-1.525,-0.967,-138.000,68.726,280.762,1.808,-2.40,1773811362485
-0.353,-1.341,-0.681,-109.436,115.967,274.109,1.545,-1.00,1773811362547
-0.301,-1.273,-0.763,-85.632,147.156,244.507,1.514,1.25,1773811362574
-0.308,-1.432,-0.698,-93.811,179.810,204.895,1.623,2.66,1773811362604
-0.439,-1.578,-0.846,-42.114,224.304,139.709,1.844,3.61,1773811362697
-0.309,-1.583,-1.105,21.301,252.502,106.384,1.955,1.47,1773811362698
-0.221,-1.545,-1.196,124.634,261.475,82.703,1.966,4.22,1773811362723
-0.165,-1.461,-1.020,134.705,251.892,65.308,1.789,2.75,1773811362754
0.136,-1.177,-0.683,41.016,244.507,32.654,1.368,-2.55,1773811362817
-0.039,-1.297,-0.506,95.947,218.506,-5.249,1.393,-4.52,1773811362845
-0.204,-1.111,-0.340,158.203,185.547,-38.696,1.180,-7.75,1773811362878
-0.310,-0.909,-0.157,125.122,162.476,-65.735,0.973,-9.93,1773811362934
-0.325,-0.822,-0.023,118.164,154.541,-80.933,0.884,-9.05,1773811362964
-0.407,-0.627,0.025,124.878,142.639,-87.341,0.748,-6.20,1773811362995
-0.520,-0.471,0.019,115.234,134.338,-90.210,0.701,-6.91,1773811363058
-0.669,-0.335,0.004,94.849,128.113,-93.994,0.748,-4.32,1773811363084
-0.843,-0.255,-0.086,128.479,112.427,-102.295,0.885,-0.89,1773811363114
-0.955,-0.140,-0.025,138.733,113.098,-111.755,0.966,0.82,1773811363204
-1.072,-0.129,0.042,112.427,126.709,-115.906,1.080,3.32,1773811363210
-1.066,0.057,0.028,62.866,158.081,-136.963,1.068,3.67,1773811363234
-0.960,0.297,-0.078,44.250,166.870,-197.937,1.007,2.59,1773811363296
-0.742,0.395,0.045,100.891,152.100,-230.164,0.842,-0.43,1773811363324
-0.500,0.486,0.214,106.567,160.645,-262.146,0.729,-2.37,1773811363354
-0.259,0.444,0.364,128.967,171.448,-276.184,0.630,-4.51,1773811363417
-0.038,0.531,0.502,125.366,205.994,-267.578,0.731,-3.37,1773811363449
0.138,0.554,0.597,128.601,230.713,-247.803,0.826,-1.82,1773811363476
0.428,0.579,0.671,136.536,256.775,-217.102,0.984,1.42,1773811363563
0.646,0.548,0.743,146.667,275.696,-174.316,1.127,3.98,1773811363565
0.855,0.514,0.798,148.865,281.799,-111.877,1.278,6.48,1773811363594
1.067,0.468,0.776,159.729,268.799,-43.579,1.400,6.69,1773811363656
1.323,0.477,0.773,167.725,237.549,24.536,1.605,7.79,1773811363745
1.479,0.440,0.759,167.480,113.037,135.132,1.719,7.35,1773811363777
1.375,0.340,0.808,168.579,41.504,171.387,1.631,5.04,1773811363806
1.105,0.215,0.797,125.488,-16.357,202.148,1.379,1.01,1773811363866
0.641,0.133,0.589,51.392,-65.613,222.168,0.881,-5.19,1773811363894
0.262,0.109,0.547,44.861,-117.493,242.798,0.616,-9.89,1773811363926
0.174,0.229,0.409,-3.052,-135.620,233.093,0.500,-12.19,1773811363986
0.024,0.249,0.313,-27.832,-132.202,202.759,0.400,-12.31,1773811364016
-0.157,0.366,0.286,-2.747,-128.906,167.358,0.491,-8.88,1773811364044
-0.367,0.303,0.295,0.366,-119.263,122.498,0.560,-3.21,1773811364105
-0.343,0.460,0.300,0.671,-104.187,94.299,0.648,0.32,1773811364134
-0.519,0.444,0.397,-3.662,-84.717,61.951,0.790,2.90,1773811364164
-0.477,0.588,0.434,-11.169,-69.458,42.236,0.872,4.72,1773811364236
-0.606,0.597,0.427,-22.888,-61.890,28.992,0.952,4.61,1773811364255
-0.575,0.633,0.464,3.052,-63.843,17.090,0.973,4.13,1773811364284
-0.593,0.658,0.441,-21.667,-58.594,10.193,0.989,3.41,1773811364347
-0.600,0.657,0.449,-1.770,-60.242,5.371,0.997,2.07,1773811364376
-0.602,0.718,0.435,-20.264,-56.396,0.793,1.033,1.61,1773811364405
-0.578,0.702,0.436,-16.846,-57.556,3.052,1.008,0.56,1773811364467
-0.524,0.688,0.430,-1.221,-58.350,4.333,0.966,-0.07,1773811364495
-0.498,0.695,0.425,-21.423,-49.133,6.897,0.955,-0.34,1773811364526
-0.531,0.682,0.424,-10.864,-47.791,11.536,0.962,-0.34,1773811364584
-0.552,0.751,0.407,-25.085,-41.748,14.099,1.017,-0.16,1773811364614
-0.585,0.717,0.447,-27.832,-44.983,21.912,1.028,0.19,1773811364646
-0.561,0.744,0.459,-19.531,-56.396,35.156,1.039,0.73,1773811364709
-0.600,0.720,0.478,-36.255,-73.547,49.500,1.052,0.97,1773811364734
-0.611,0.687,0.444,-45.044,-99.182,65.002,1.021,0.59,1773811364766
-0.611,0.648,0.368,-43.701,-138.550,82.458,0.964,-0.53,1773811364825
-0.574,0.580,0.283,-54.565,-169.495,91.675,0.863,-1.64,1773811364855
-0.498,0.461,0.241,-70.679,-204.468,102.600,0.720,-3.18,1773811364885
-0.299,0.318,0.202,-116.272,-228.027,118.774,0.481,-5.71,1773811364948
-0.274,0.130,0.069,-114.502,-267.578,138.184,0.310,-7.11,1773811364978
-0.170,0.096,-0.005,-27.039,-316.833,131.592,0.196,-7.68,1773811365004
-0.067,-0.053,-0.050,10.071,-342.895,96.130,0.099,-7.64,1773811365064
0.074,-0.141,-0.198,23.010,-368.896,51.331,0.254,-4.67,1773811365095
0.329,-0.111,-0.213,39.673,-385.864,-5.798,0.407,-0.74,1773811365124
0.513,-0.219,-0.258,-0.977,-381.470,-55.786,0.615,3.05,1773811365188
0.815,-0.207,-0.219,-41.687,-358.765,-89.966,0.869,6.74,1773811365215
0.927,-0.269,-0.234,-57.739,-334.961,-111.511,0.993,8.94,1773811365244
1.342,-0.327,-0.239,-28.442,-296.143,-153.992,1.402,11.49,1773811365279
1.297,-0.529,-0.141,28.564,-255.920,-183.166,1.408,10.00,1773811365364
1.569,-0.411,-0.115,57.495,-189.941,-217.407,1.626,10.11,1773811365365
1.497,-0.745,-0.023,39.062,-119.812,-238.281,1.672,8.03,1773811365397
1.564,-0.642,-0.084,19.836,-49.011,-239.075,1.693,7.00,1773811365461
1.282,-0.679,-0.017,-27.710,15.442,-250.732,1.451,0.49,1773811365484
1.047,-0.825,-0.072,-52.002,72.021,-246.155,1.334,-0.73,1773811365515
0.904,-0.980,-0.042,-82.458,123.352,-224.121,1.334,-2.92,1773811365575
0.579,-1.176,-0.062,-133.911,172.974,-184.265,1.312,-3.60,1773811365604
0.395,-1.218,-0.073,-176.697,207.703,-134.705,1.283,-4.10,1773811365636
0.271,-1.279,-0.010,-184.021,237.549,-86.609,1.308,-1.43,1773811365696
0.239,-1.347,0.023,-193.176,263.184,-36.133,1.368,0.34,1773811365725
0.312,-1.297,0.139,-193.420,283.875,6.531,1.341,0.07,1773811365754
0.511,-1.227,0.208,-167.480,294.189,31.311,1.345,0.33,1773811365815
0.610,-1.151,0.148,-117.432,278.687,37.292,1.311,0.28,1773811365848
0.795,-1.204,0.137,-6.836,243.896,41.809,1.450,1.42,1773811365875
0.804,-1.172,0.031,49.561,212.646,42.297,1.421,0.53,1773811365938
0.849,-1.246,-0.125,45.593,190.002,38.391,1.513,1.72,1773811366025
0.802,-1.411,-0.092,39.978,168.884,-8.972,1.625,2.80,1773811366056
0.681,-1.445,-0.215,110.291,170.715,-37.903,1.612,3.00,1773811366084
0.606,-1.379,-0.378,175.354,181.946,-52.551,1.553,1.03,1773811366148
0.464,-1.343,-0.410,120.239,207.336,-54.321,1.478,0.57,1773811366176
0.402,-1.273,-0.411,104.492,225.281,-64.575,1.397,-1.16,1773811366205
0.398,-1.254,-0.445,117.310,226.257,-94.299,1.389,-2.36,1773811366265
0.267,-1.227,-0.458,164.062,208.130,-114.990,1.337,-2.75,1773811366297
0.147,-1.034,-0.353,203.186,188.354,-115.845,1.102,-4.50,1773811366327
-0.073,-0.836,-0.287,148.376,184.875,-114.014,0.887,-5.91,1773811366413
-0.230,-0.673,-0.173,163.452,173.462,-105.652,0.732,-6.65,1773811366415
-0.441,-0.393,-0.237,180.054,160.889,-94.482,0.636,-7.52,1773811366445
-0.555,-0.156,-0.199,175.598,154.114,-89.172,0.610,-7.27,1773811366523
-0.998,-0.173,-0.266,130.310,157.104,-89.844,1.048,-0.55,1773811366535
-1.141,-0.091,-0.381,114.441,161.987,-112.549,1.206,3.18,1773811366596
-1.061,-0.197,-0.323,113.220,167.297,-156.006,1.126,3.94,1773811366629
-0.946,-0.091,-0.229,142.700,182.434,-221.558,0.978,3.41,1773811366655
-0.796,0.008,-0.100,164.490,202.270,-285.645,0.802,1.92,1773811366717
-0.373,0.123,0.073,155.029,238.586,-337.341,0.399,-6.48,1773811366747
0.059,0.236,0.130,151.855,265.625,-374.817,0.276,-9.30,1773811366774
0.792,0.136,0.235,238.647,288.208,-377.930,0.837,-2.89,1773811366837
1.128,0.037,0.303,267.090,317.078,-345.276,1.169,1.91,1773811366865
1.588,-0.049,0.435,235.962,362.549,-257.629,1.647,8.45,1773811366895
1.898,-0.047,0.496,261.292,349.609,-175.354,1.962,15.63,1773811366956
2.125,-0.106,0.630,332.642,307.007,-55.359,2.219,19.44,1773811366984
2.258,-0.193,0.684,300.842,251.465,70.740,2.367,15.30,1773811367015
2.138,-0.213,0.653,280.029,162.781,177.307,2.245,10.77,1773811367077
2.129,-0.286,0.601,267.883,49.805,257.446,2.231,5.84,1773811367107
2.291,-0.378,0.562,223.999,-76.843,303.650,2.389,4.26,1773811367134
2.274,-0.365,0.686,181.152,-225.586,323.547,2.404,1.84,1773811367197
1.861,-0.540,0.712,98.938,-384.216,333.923,2.065,-3.03,1773811367225
1.418,-0.484,0.266,-34.241,-546.570,325.867,1.521,-7.24,1773811367256
0.918,-0.605,-0.332,-61.523,-746.643,296.570,1.148,-10.83,1773811367316
1.208,-1.221,-0.505,-116.150,-871.094,239.258,1.791,-5.98,1773811367348
3.071,-1.634,-0.587,-239.258,-889.770,233.704,3.528,11.24,1773811367377
3.035,-1.431,-0.424,-57.129,-858.643,145.935,3.382,13.18,1773811367434
1.574,-0.947,0.213,421.936,-865.112,-85.754,1.849,3.28,1773811367467
1.715,-0.494,0.191,200.134,-532.715,-333.679,1.795,6.46,1773811367495
1.816,-0.734,0.455,-127.136,-315.796,-311.829,2.011,2.20,1773811367556
2.263,-0.387,0.079,-101.440,-185.974,-336.731,2.298,-12.30,1773811367584
2.622,-0.517,0.003,35.339,-110.535,-362.671,2.672,-7.10,1773811367615
2.592,-0.835,-0.036,25.024,-30.212,-397.644,2.724,8.75,1773811367678
2.201,-1.123,-0.086,66.711,43.457,-369.690,2.472,6.78,1773811367704
1.982,-0.971,-0.197,49.744,108.154,-346.436,2.215,2.05,1773811367734
1.484,-1.168,-0.285,100.037,171.936,-307.678,1.910,-3.87,1773811367798
1.159,-1.184,-0.366,40.222,236.938,-253.357,1.697,-9.75,1773811367825
0.655,-1.200,-0.470,-26.672,278.259,-203.064,1.445,-12.78,1773811367854
0.328,-1.054,-0.490,-65.430,287.781,-166.931,1.207,-12.65,1773811367921
0.106,-1.042,-0.383,6.592,274.475,-124.512,1.116,-11.00,1773811367948
-0.200,-0.850,-0.415,-4.822,265.076,-71.716,0.967,-9.43,1773811367975
-0.107,-0.802,-0.307,-17.212,249.878,-31.250,0.866,-8.31,1773811368036
-0.032,-0.740,-0.176,-6.653,238.647,1.648,0.761,-6.84,1773811368065
-0.116,-0.694,-0.107,-28.931,232.483,23.804,0.712,-4.96,1773811368096
-0.062,-0.774,-0.074,-12.939,221.374,52.246,0.780,-3.36,1773811368157
-0.048,-0.831,-0.014,39.307,200.562,90.210,0.832,-1.35,1773811368184
0.223,-0.866,-0.001,97.839,177.490,128.296,0.894,0.28,1773811368216
0.362,-1.061,-0.012,124.268,152.466,169.556,1.121,3.59,1773811368280
0.515,-1.099,-0.111,117.310,145.752,193.237,1.219,5.07,1773811368304
0.817,-1.420,-0.320,62.744,148.560,204.468,1.669,8.89,1773811368396
0.860,-1.814,-0.577,80.688,169.189,123.535,2.089,12.56,1773811368424
0.746,-1.882,-0.567,73.059,194.092,71.655,2.103,12.09,1773811368484
0.610,-1.933,-0.587,62.195,219.177,25.330,2.111,9.90,1773811368516
0.413,-1.960,-0.530,103.394,221.863,-6.104,2.072,8.53,1773811368545
0.311,-1.882,-0.475,121.216,222.351,-37.048,1.966,2.97,1773811368607
0.157,-1.661,-0.421,161.743,208.435,-70.496,1.720,-3.68,1773811368635
-0.003,-1.411,-0.377,162.842,208.191,-103.577,1.460,-6.43,1773811368666
-0.036,-1.151,-0.275,174.927,203.674,-135.864,1.184,-9.27,1773811368727
-0.145,-0.873,-0.262,181.885,200.562,-146.545,0.923,-11.49,1773811368786
-0.192,-0.660,-0.204,181.274,201.782,-155.029,0.717,-12.48,1773811368787
-0.364,-0.503,-0.210,151.978,210.693,-151.855,0.655,-10.65,1773811368845
-0.405,-0.204,-0.213,120.422,215.088,-163.452,0.501,-9.59,1773811368887
-0.442,-0.134,-0.224,103.088,212.646,-191.833,0.514,-6.71,1773811368903
-0.370,-0.054,-0.127,121.277,212.158,-232.727,0.395,-5.28,1773811368966
-0.143,0.051,-0.000,141.968,228.271,-259.827,0.152,-5.65,1773811368997
-0.060,0.157,0.139,145.386,255.249,-278.992,0.218,-4.38,1773811369025
0.094,0.339,0.231,162.476,280.457,-291.687,0.421,-0.80,1773811369086
0.412,0.390,0.340,196.960,299.744,-301.270,0.662,1.48,1773811369116
0.683,0.342,0.494,216.370,327.515,-292.175,0.909,5.14,1773811369146
1.156,0.260,0.603,217.163,361.877,-267.151,1.329,11.77,1773811369205
1.458,0.099,0.619,223.511,373.901,-236.145,1.587,13.70,1773811369234
1.766,-0.103,0.599,290.100,361.999,-158.508,1.867,14.46,1773811369264
2.079,-0.341,0.556,327.515,329.895,-5.127,2.179,15.17,1773811369326
2.468,-0.485,0.526,292.236,290.283,114.624,2.569,16.60,1773811369357
2.815,-0.441,0.392,276.306,209.045,205.505,2.877,15.47,1773811369385
2.537,-0.434,0.269,294.617,44.250,282.043,2.588,10.00,1773811369448
2.419,-0.874,0.404,309.387,-196.411,370.850,2.604,7.36,1773811369474
2.477,-1.163,0.368,156.128,-432.434,447.021,2.761,5.82,1773811369504
2.506,-1.163,-0.248,-3.967,-665.527,477.661,2.774,2.04,1773811369564
1.696,-1.119,-0.751,-77.881,-896.851,458.191,2.166,-7.10,1773811369597
2.605,-1.942,-1.053,-151.611,-1035.095,418.335,3.415,8.28,1773811369624
4.000,-2.711,-0.804,-237.793,-1007.935,393.738,4.899,22.95,1773811369719
3.904,-2.166,-0.670,-55.542,-889.465,273.987,4.515,17.54,1773811369721
2.118,-0.981,0.172,590.271,-811.035,-178.101,2.341,-4.33,1773811369744
2.579,-0.614,0.182,17.151,-436.157,-315.125,2.657,4.91,1773811369807
2.366,-0.523,0.138,-278.564,-280.762,-299.744,2.427,-9.89,1773811369835
2.333,-0.812,0.025,-142.944,-226.440,-284.363,2.471,-24.28,1773811369864
2.362,-0.979,0.089,59.204,-152.832,-300.049,2.559,-19.56,1773811369925
2.035,-1.042,0.122,24.292,-63.171,-277.161,2.290,-0.51,1773811369957
1.873,-1.052,0.009,-20.447,-5.188,-251.770,2.148,-5.10,1773811369986
1.533,-1.158,-0.037,-13.977,25.513,-226.868,1.921,-5.05,1773811370049
1.174,-1.169,-0.022,72.144,58.716,-200.867,1.657,-8.14,1773811370076
1.148,-1.069,-0.067,26.184,118.103,-186.951,1.571,-9.88,1773811370106
0.893,-1.175,-0.091,-28.320,172.546,-191.589,1.478,-8.11,1773811370166
0.619,-1.345,-0.118,1.892,207.153,-177.917,1.485,-6.63,1773811370198
0.468,-1.268,-0.200,-11.047,240.417,-155.151,1.366,-5.55,1773811370224
0.243,-1.188,-0.254,-5.981,252.563,-136.841,1.239,-4.17,1773811370287
0.103,-1.050,-0.213,16.663,247.314,-125.977,1.076,-4.94,1773811370317
0.048,-0.902,-0.122,41.870,239.929,-104.980,0.912,-5.67,1773811370345
-0.040,-0.726,-0.081,27.954,236.145,-83.679,0.731,-7.54,1773811370408
0.025,-0.722,-0.031,16.296,228.088,-69.397,0.723,-6.43,1773811370434
0.034,-0.686,-0.020,23.071,207.825,-39.612,0.687,-5.52,1773811370469
0.036,-0.823,0.013,63.782,183.594,-0.244,0.823,-2.53,1773811370525
0.219,-0.838,-0.000,106.384,163.330,37.476,0.867,-0.45,1773811370554
0.392,-0.841,-0.007,130.432,139.221,80.688,0.928,1.97,1773811370588
0.604,-0.869,-0.071,130.798,116.760,131.348,1.061,3.37,1773811370645
0.745,-1.060,-0.190,94.971,105.408,163.269,1.309,6.22,1773811370675
0.817,-1.105,-0.262,63.965,86.914,208.130,1.399,5.75,1773811370707
1.386,-1.140,-0.346,32.837,62.500,246.033,1.827,9.61,1773811370797
1.213,-1.631,-0.336,123.413,98.267,177.979,2.060,11.32,1773811370854
1.091,-1.968,-0.529,79.956,141.846,158.997,2.311,12.51,1773811370887
0.943,-1.954,-0.549,-2.502,196.472,130.798,2.238,9.29,1773811370915
0.789,-1.947,-0.550,32.104,218.689,93.506,2.172,7.73,1773811370976
0.640,-1.799,-0.505,97.534,221.313,49.255,1.975,1.48,1773811371006
0.413,-1.585,-0.439,129.761,216.980,17.700,1.696,-3.64,1773811371035
0.258,-1.424,-0.423,109.436,235.107,-20.569,1.508,-8.03,1773811371096
0.080,-1.175,-0.478,100.525,246.216,-39.246,1.271,-9.67,1773811371126
0.019,-0.875,-0.431,107.788,263.611,-80.383,0.976,-11.96,1773811371154
-0.082,-0.629,-0.454,84.351,283.752,-113.770,0.780,-11.95,1773811371216
-0.177,-0.471,-0.403,104.431,289.917,-143.555,0.644,-10.52,1773811371244
-0.239,-0.302,-0.336,98.083,296.448,-163.025,0.511,-9.97,1773811371284
-0.170,-0.107,-0.206,51.208,308.838,-196.655,0.288,-9.83,1773811371337
-0.226,0.020,-0.139,24.902,309.326,-243.896,0.266,-7.10,1773811371365
-0.143,0.128,-0.066,54.443,293.823,-285.339,0.203,-5.77,1773811371394
-0.053,0.213,0.042,108.948,282.532,-310.974,0.223,-4.21,1773811371457
0.176,0.260,0.152,162.720,290.894,-320.557,0.349,-1.62,1773811371487
0.542,0.234,0.200,190.369,310.242,-321.899,0.623,3.35,1773811371516
0.932,0.178,0.334,213.013,342.285,-310.425,1.006,7.40,1773811371575
1.233,-0.011,0.407,241.943,377.808,-277.344,1.298,10.95,1773811371606
1.691,0.018,0.344,229.858,410.400,-231.750,1.726,15.03,1773811371635
2.068,-0.253,0.357,318.237,403.320,-160.828,2.113,17.64,1773811371697
2.360,-0.287,0.362,382.019,379.395,-81.482,2.405,17.82,1773811371725
2.841,-0.531,0.323,390.503,294.189,72.876,2.908,19.02,1773811371754
3.045,-0.612,0.251,404.358,161.194,186.584,3.116,18.18,1773811371817
2.800,-0.753,0.159,416.748,-36.499,280.640,2.903,11.77,1773811371844
2.632,-1.204,0.307,383.301,-274.292,355.591,2.910,7.97,1773811371875
2.522,-1.296,0.295,205.139,-504.578,413.025,2.851,4.46,1773811371968
2.054,-1.256,-0.104,0.549,-707.519,450.500,2.410,-4.98,1773811371970
1.547,-1.184,-0.659,-132.141,-863.953,468.323,2.056,-10.60,1773811371995
2.209,-1.468,-1.164,-166.626,-964.477,463.074,2.896,-0.07,1773811372057
4.000,-2.682,-0.836,-221.252,-935.852,455.933,4.888,19.78,1773811372086
3.952,-2.094,-0.640,-238.464,-796.570,422.607,4.518,16.67,1773811372117
2.060,-1.335,-0.199,609.802,-905.884,85.632,2.463,0.53,1773811372174
2.530,-0.135,0.232,215.698,-630.859,-241.333,2.544,4.88,1773811372204
2.370,-0.602,0.069,-412.476,-376.282,-222.656,2.446,-4.50,1773811372234
2.056,-0.589,-0.231,-183.899,-327.148,-187.744,2.152,-27.36,1773811372294
2.300,-0.716,0.090,80.994,-248.413,-215.149,2.411,-21.08,1773811372326
1.895,-0.907,0.230,-50.171,-106.201,-196.838,2.113,-3.49,1773811372355
1.771,-0.844,0.105,-86.304,-21.729,-160.645,1.964,-5.80,1773811372421
1.547,-0.943,0.127,-41.504,-2.686,-149.475,1.816,-6.30,1773811372447
1.308,-0.826,0.055,-11.230,30.396,-123.535,1.548,-6.03,1773811372474
1.168,-0.905,0.148,-39.246,53.528,-107.483,1.485,-9.26,1773811372537
0.918,-0.897,0.142,-30.762,69.946,-95.642,1.291,-8.22,1773811372567
0.857,-0.971,0.128,5.981,86.609,-77.637,1.301,-6.63,1773811372626
0.753,-0.922,0.101,24.475,97.900,-66.467,1.195,-6.21,1773811372655
0.719,-0.983,0.080,38.147,104.431,-66.345,1.221,-3.27,1773811372685
0.569,-0.982,0.045,21.179,112.732,-64.941,1.136,-3.49,1773811372714
0.516,-1.023,-0.016,29.236,110.657,-70.618,1.146,-1.45,1773811372774
0.434,-1.074,-0.070,62.073,99.915,-70.557,1.160,-1.41,1773811372806
0.400,-1.068,-0.103,54.443,91.919,-75.195,1.145,-0.50,1773811372834
0.271,-1.054,-0.140,26.917,80.688,-81.787,1.097,-1.24,1773811372896
0.241,-1.123,-0.093,1.587,71.533,-90.332,1.153,0.17,1773811372924
0.123,-1.115,-0.132,7.812,59.082,-88.562,1.129,-0.17,1773811372954
0.075,-1.029,-0.115,17.456,46.631,-86.365,1.038,-1.22,1773811373018
0.029,-1.043,-0.148,15.686,37.720,-84.290,1.054,-0.91,1773811373045
-0.038,-0.937,-0.187,23.193,21.729,-79.895,0.956,-1.41,1773811373077
-0.087,-0.908,-0.198,73.975,1.404,-75.134,0.934,-2.19,1773811373136
-0.047,-0.878,-0.243,96.985,-9.033,-70.190,0.912,-2.17,1773811373164
-0.198,-0.790,-0.285,86.487,-16.907,-64.819,0.863,-1.75,1773811373194
-0.136,-0.747,-0.330,71.655,-16.296,-60.608,0.828,-2.26,1773811373258
-0.300,-0.701,-0.340,53.955,-17.700,-57.800,0.835,-1.21,1773811373286
-0.305,-0.769,-0.423,37.231,-22.644,-46.936,0.929,-0.05,1773811373315
-0.439,-0.771,-0.454,32.837,-34.302,-33.691,0.996,0.85,1773811373379
-0.376,-0.764,-0.468,45.959,-41.809,-27.466,0.972,1.09,1773811373404
-0.400,-0.763,-0.521,44.373,-46.692,-20.874,1.007,1.79,1773811373435
-0.368,-0.764,-0.534,65.979,-51.086,-11.475,1.002,1.67,1773811373494
-0.321,-0.675,-0.562,41.443,-44.189,-10.742,0.935,0.06,1773811373525
-0.313,-0.673,-0.585,24.963,-37.720,-11.780,0.945,-0.52,1773811373555
-0.272,-0.674,-0.579,48.584,-30.579,-15.442,0.930,-0.42,1773811373619
-0.298,-0.644,-0.651,50.964,-24.780,-13.306,0.963,-0.44,1773811373645
-0.277,-0.654,-0.740,37.476,-22.949,-4.089,1.026,0.24,1773811373674
-0.167,-0.649,-0.750,46.143,-28.625,7.263,1.006,0.71,1773811373736
-0.100,-0.578,-0.745,43.396,-26.550,14.526,0.948,0.03,1773811373764
-0.071,-0.571,-0.855,17.273,-20.752,20.508,1.031,1.02,1773811373794
0.005,-0.569,-0.893,7.812,-20.325,29.175,1.059,0.96,1773811373856
0.044,-0.483,-0.913,3.113,-18.311,27.222,1.034,0.08,1773811373886
0.028,-0.521,-0.892,26.978,-18.738,21.057,1.033,0.27,1773811373914
0.034,-0.479,-0.863,53.223,-16.235,15.076,0.988,0.40,1773811373978
0.014,-0.463,-0.855,46.570,-8.911,12.207,0.972,-0.59,1773811374007
0.022,-0.450,-0.863,27.283,0.183,8.911,0.974,-0.85,1773811374035
-0.049,-0.451,-0.874,28.320,1.526,8.545,0.985,-0.49,1773811374096
-0.054,-0.448,-0.875,33.508,-0.549,5.737,0.985,-0.48,1773811374125
-0.083,-0.431,-0.865,43.091,-5.859,0.916,0.970,-0.17,1773811374154
-0.087,-0.424,-0.844,46.448,-12.512,-9.033,0.948,-0.24,1773811374217
-0.087,-0.404,-0.831,55.542,-19.653,-17.822,0.928,-0.46,1773811374250
-0.117,-0.367,-0.820,49.133,-20.630,-30.029,0.906,-0.79,1773811374275
-0.113,-0.342,-0.831,45.349,-22.583,-41.260,0.906,-0.79,1773811374335
-0.143,-0.312,-0.823,44.067,-20.569,-52.185,0.892,-0.79,1773811374365
-0.131,-0.335,-0.892,39.612,-24.109,-57.556,0.961,0.13,1773811374395
-0.113,-0.283,-0.863,40.955,-21.973,-62.073,0.915,-0.12,1773811374453
-0.070,-0.290,-0.892,23.254,-15.320,-64.148,0.941,0.35,1773811374484
0.014,-0.290,-0.987,9.705,-13.245,-64.392,1.029,1.23,1773811374543
0.117,-0.353,-0.992,37.292,-23.682,-60.425,1.059,1.67,1773811374574
0.172,-0.289,-1.039,45.654,-24.536,-58.289,1.092,1.31,1773811374606
0.134,-0.266,-0.985,41.931,-26.855,-53.772,1.029,1.14,1773811374638
0.168,-0.228,-0.963,30.212,-18.738,-46.753,1.004,0.63,1773811374694
0.231,-0.206,-0.938,23.132,-13.977,-42.297,0.988,-0.41,1773811374727
0.270,-0.218,-1.003,18.250,-9.644,-36.499,1.061,0.02,1773811374756
0.313,-0.210,-0.969,30.029,-9.521,-30.029,1.040,-0.52,1773811374816
0.314,-0.174,-0.989,35.522,-9.155,-27.832,1.052,0.23,1773811374844
0.301,-0.137,-0.953,40.771,-10.254,-22.766,1.009,0.05,1773811374876
0.278,-0.077,-0.985,19.714,-12.756,-21.423,1.027,0.39,1773811374935
0.250,-0.059,-0.934,16.663,-22.644,-21.606,0.969,-0.92,1773811374966
0.254,-0.042,-0.921,19.226,-32.227,-21.057,0.956,-0.83,1773811374994
0.434,0.052,-1.121,124.878,-35.217,-3.662,1.203,1.51,1773811375058
0.262,0.331,-1.140,134.827,-2.197,-0.427,1.215,2.06,1773811375085
0.111,0.144,-0.950,-39.917,22.278,2.686,0.967,-0.59,1773811375114
0.140,0.107,-1.065,-25.452,16.113,2.869,1.080,1.11,1773811375174
0.135,0.168,-0.998,28.748,8.667,2.075,1.021,0.65,1773811375207
0.111,0.098,-0.887,-3.357,16.052,3.052,0.899,-3.04,1773811375238
0.107,0.111,-0.781,3.235,23.865,5.798,0.797,-4.19,1773811375297
0.094,0.190,-1.192,10.010,27.039,7.080,1.210,2.43,1773811375324
0.034,0.299,-1.217,6.653,7.202,1.648,1.253,1.74,1773811375353
0.059,0.093,-0.916,-7.751,2.502,-0.793,0.923,-0.99,1773811375416
0.073,0.153,-0.961,1.099,0.366,0.427,0.975,0.76,1773811375444
0.054,0.165,-0.991,5.798,2.380,1.526,1.006,2.10,1773811375475
0.058,0.186,-1.008,2.136,1.160,0.305,1.027,-1.83,1773811375539
0.055,0.169,-0.991,-1.282,-0.732,-0.549,1.007,-2.46,1773811375564
0.062,0.157,-0.970,-1.282,0.000,-0.366,0.985,0.62,1773811375594
0.057,0.161,-0.984,1.221,0.122,0.000,0.998,0.23,1773811375658
0.057,0.170,-0.987,-0.671,-0.061,-0.305,1.003,-0.03,1773811375685
0.058,0.159,-0.979,0.000,-0.183,-0.244,0.994,-0.33,1773811375715
0.059,0.165,-0.981,0.061,0.000,-0.183,0.997,-0.11,1773811375775
0.058,0.166,-0.985,0.000,-0.183,-0.305,1.000,0.15,1773811375806
0.057,0.162,-0.979,-0.366,-0.061,-0.244,0.994,-0.04,1773811375835
0.057,0.165,-0.983,0.061,-0.061,-0.305,0.999,-0.04,1773811375895
0.058,0.163,-0.983,-0.183,-0.183,-0.244,0.998,0.04,1773811375924
0.058,0.164,-0.979,0.122,-0.183,-0.183,0.995,-0.02,1773811375954
0.057,0.163,-0.982,-0.305,-0.122,-0.305,0.997,-0.04,1773811376015
0.058,0.164,-0.981,0.000,-0.122,-0.183,0.997,0.02,1773811376044
0.058,0.165,-0.982,-0.183,-0.061,-0.305,0.997,-0.02,1773811376074
0.057,0.164,-0.981,-0.061,-0.061,-0.244,0.997,-0.01,1773811376137
0.057,0.164,-0.982,-0.122,-0.122,-0.305,0.997,0.02,1773811376163
0.058,0.164,-0.981,-0.061,-0.183,-0.244,0.997,-0.00,1773811376194
0.058,0.164,-0.982,-0.183,-0.122,-0.244,0.997,0.01,1773811376257
0.058,0.165,-0.982,-0.061,-0.122,-0.244,0.997,-0.00,1773811376284
0.058,0.164,-0.982,-0.122,-0.183,-0.244,0.998,0.01,1773811376313
0.058,0.165,-0.982,-0.122,-0.061,-0.244,0.997,-0.00,1773811376378
0.057,0.165,-0.983,-0.061,-0.122,-0.183,0.998,0.01,1773811376407
0.057,0.164,-0.980,-0.122,-0.122,-0.305,0.995,-0.02,1773811376434
0.057,0.164,-0.982,-0.122,-0.122,-0.122,0.997,-0.00,1773811376525
0.057,0.163,-0.982,-0.122,-0.061,-0.366,0.997,-0.00,1773811376526
0.058,0.163,-0.983,-0.122,-0.122,-0.244,0.998,0.01,1773811376554
0.057,0.164,-0.982,-0.061,-0.183,-0.244,0.997,-0.01,1773811376621
0.058,0.164,-0.981,-0.122,-0.183,-0.244,0.997,0.01,1773811376646
0.057,0.164,-0.982,-0.122,-0.183,-0.305,0.997,0.00,1773811376676
0.058,0.163,-0.982,-0.183,-0.183,-0.183,0.997,0.00,1773811376734
0.057,0.163,-0.982,-0.183,-0.122,-0.244,0.997,-0.00,1773811376765
0.057,0.164,-0.981,-0.061,-0.183,-0.183,0.997,-0.00,1773811376795
0.058,0.164,-0.983,-0.061,-0.183,-0.244,0.998,0.01,1773811376855
0.057,0.164,-0.982,-0.061,-0.122,-0.244,0.997,-0.00,1773811376886
0.058,0.164,-0.982,-0.122,-0.244,-0.244,0.998,0.00,1773811376914
0.057,0.164,-0.982,-0.061,-0.183,-0.244,0.997,-0.00,1773811376975
0.057,0.164,-0.982,-0.122,-0.183,-0.244,0.997,0.00,1773811377004
0.058,0.163,-0.982,-0.122,-0.122,-0.244,0.998,-0.00,1773811377033
0.058,0.163,-0.982,-0.061,-0.122,-0.244,0.997,0.00,1773811377098
0.056,0.164,-0.982,-0.061,-0.183,-0.244,0.997,-0.00,1773811377125
0.057,0.164,-0.982,-0.122,-0.183,-0.244,0.997,-0.00,1773811377155
0.057,0.164,-0.982,-0.122,-0.122,-0.244,0.997,0.00,1773811377213
0.056,0.164,-0.982,-0.122,-0.122,-0.305,0.997,-0.00,1773811377246
0.058,0.164,-0.982,-0.122,-0.122,-0.244,0.997,-0.00,1773811377273
0.057,0.164,-0.981,-0.061,-0.183,-0.305,0.996,-0.01,1773811377339
0.057,0.164,-0.981,-0.061,-0.061,-0.244,0.997,-0.00,1773811377365
0.056,0.164,-0.981,-0.061,-0.122,-0.244,0.996,-0.01,1773811377393
0.057,0.165,-0.982,-0.122,-0.122,-0.244,0.998,0.00,1773811377453
0.057,0.163,-0.981,-0.061,-0.122,-0.305,0.997,-0.01,1773811377483
0.058,0.164,-0.982,-0.183,-0.122,-0.244,0.997,0.01,1773811377514
0.057,0.164,-0.983,-0.122,-0.122,-0.244,0.998,0.02,1773811377578
0.057,0.163,-0.982,-0.183,-0.183,-0.305,0.997,0.00,1773811377609
0.057,0.164,-0.982,-0.122,-0.122,-0.244,0.998,-0.00,1773811377635
0.057,0.163,-0.983,-0.061,-0.183,-0.244,0.998,0.01,1773811377696
0.057,0.164,-0.982,-0.122,-0.122,-0.305,0.997,-0.00,1773811377723
0.058,0.163,-0.982,-0.122,-0.244,-0.183,0.998,-0.01,1773811377753
0.057,0.163,-0.982,-0.061,-0.183,-0.244,0.997,0.00,1773811377815
0.056,0.163,-0.982,-0.183,-0.244,-0.183,0.997,-0.01,1773811377844
0.057,0.163,-0.983,-0.183,-0.122,-0.244,0.998,0.00,1773811377875
0.057,0.164,-0.982,-0.122,-0.122,-0.305,0.997,-0.00,1773811377941
0.057,0.164,-0.982,-0.061,-0.122,-0.244,0.998,0.00,1773811377966
0.057,0.164,-0.981,-0.061,-0.244,-0.183,0.996,-0.01,1773811377993
0.057,0.164,-0.983,-0.061,-0.244,-0.305,0.998,0.01,1773811378056
0.057,0.164,-0.981,-0.061,-0.122,-0.244,0.996,-0.02,1773811378084
0.057,0.164,-0.982,-0.122,-0.183,-0.305,0.997,0.00,1773811378114
0.057,0.163,-0.982,-0.061,-0.183,-0.305,0.997,-0.01,1773811378175
0.057,0.165,-0.982,-0.122,-0.183,-0.244,0.997,0.01,1773811378203
0.057,0.164,-0.983,-0.122,-0.122,-0.244,0.998,0.00,1773811378233
0.057,0.164,-0.983,-0.061,-0.244,-0.244,0.999,0.03,1773811378294
0.057,0.163,-0.982,-0.122,-0.183,-0.305,0.998,0.00,1773811378325
0.057,0.163,-0.982,-0.122,-0.122,-0.305,0.997,0.00,1773811378354
0.058,0.166,-0.982,-0.122,-0.122,-0.244,0.997,0.00,1773811378415
0.057,0.165,-0.982,-0.061,-0.183,-0.305,0.997,-0.01,1773811378443
0.057,0.164,-0.983,-0.122,-0.061,-0.305,0.998,-0.01,1773811378473
0.057,0.165,-0.981,-0.122,-0.183,-0.244,0.997,-0.01,1773811378540
0.057,0.164,-0.982,0.000,-0.183,-0.183,0.997,-0.00,1773811378565
0.058,0.164,-0.982,-0.122,-0.122,-0.366,0.998,0.00,1773811378594
0.057,0.163,-0.981,-0.122,-0.183,-0.183,0.996,-0.01,1773811378654
0.057,0.164,-0.982,-0.122,-0.183,-0.244,0.998,-0.00,1773811378683
0.057,0.165,-0.982,-0.122,-0.183,-0.305,0.997,0.01,1773811378715
0.057,0.163,-0.982,-0.183,-0.122,-0.183,0.997,0.00,1773811378775
0.057,0.163,-0.983,-0.122,-0.183,-0.244,0.998,0.00,1773811378805
0.058,0.164,-0.983,-0.061,-0.122,-0.244,0.998,0.02,1773811378838
0.056,0.165,-0.981,-0.061,-0.061,-0.305,0.996,-0.01,1773811378895
0.057,0.163,-0.982,-0.122,-0.183,-0.244,0.997,-0.01,1773811378924
0.056,0.165,-0.981,-0.122,-0.244,-0.305,0.996,-0.01,1773811378953
0.057,0.164,-0.982,-0.183,-0.122,-0.305,0.997,-0.01,1773811379018
0.056,0.163,-0.982,-0.122,-0.183,-0.244,0.997,-0.01,1773811379046
0.058,0.165,-0.981,-0.122,-0.183,-0.244,0.997,0.00,1773811379075
0.057,0.164,-0.983,-0.122,-0.183,-0.305,0.998,0.01,1773811379135
0.056,0.165,-0.982,-0.122,-0.122,-0.244,0.997,0.01,1773811379163
0.057,0.164,-0.983,-0.122,-0.122,-0.244,0.998,0.00,1773811379193
0.057,0.165,-0.982,-0.061,-0.122,-0.305,0.997,-0.00,1773811379257
0.057,0.162,-0.982,-0.183,-0.061,-0.183,0.997,0.00,1773811379291
0.057,0.165,-0.981,-0.061,-0.183,-0.305,0.997,-0.01,1773811379314
0.056,0.163,-0.982,-0.244,-0.122,-0.305,0.997,0.00,1773811379375
0.057,0.165,-0.980,-0.122,-0.183,-0.183,0.995,-0.03,1773811379404
0.057,0.165,-0.983,-0.122,-0.183,-0.244,0.998,0.01,1773811379435
0.058,0.164,-0.981,-0.122,-0.061,-0.244,0.996,-0.01,1773811379495
0.056,0.165,-0.982,-0.122,-0.183,-0.244,0.997,0.00,1773811379526
0.057,0.163,-0.982,-0.061,-0.122,-0.183,0.997,-0.00,1773811379554
0.057,0.163,-0.982,0.000,-0.122,-0.244,0.997,0.02,1773811379616
0.056,0.165,-0.982,-0.122,-0.183,-0.305,0.998,-0.00,1773811379643
0.058,0.164,-0.983,-0.122,-0.122,-0.183,0.998,0.02,1773811379677
0.057,0.163,-0.982,-0.061,-0.122,-0.305,0.997,-0.00,1773811379737
0.056,0.164,-0.980,-0.183,-0.183,-0.244,0.995,-0.02,1773811379770
0.056,0.163,-0.981,-0.122,-0.183,-0.183,0.996,-0.01,1773811379794
0.057,0.163,-0.981,-0.122,-0.183,-0.244,0.996,-0.02,1773811379854
0.056,0.164,-0.983,-0.122,-0.183,-0.244,0.998,0.00,1773811379883
0.057,0.164,-0.982,0.000,-0.183,-0.183,0.997,0.00,1773811379914
0.057,0.164,-0.982,-0.183,-0.122,-0.244,0.997,0.02,1773811379976
0.057,0.165,-0.982,-0.061,-0.183,-0.244,0.998,0.01,1773811380010
0.057,0.164,-0.982,-0.122,-0.183,-0.305,0.997,0.01,1773811380034
0.057,0.164,-0.982,-0.122,-0.183,-0.244,0.997,-0.01,1773811380094
0.058,0.164,-0.982,-0.122,-0.122,-0.244,0.998,0.00,1773811380123
0.057,0.163,-0.981,0.000,-0.122,-0.244,0.997,-0.00,1773811380156
0.057,0.164,-0.982,-0.122,-0.122,-0.305,0.997,-0.01,1773811380217
0.057,0.164,-0.982,-0.061,-0.183,-0.244,0.997,0.00,1773811380247
0.058,0.165,-0.982,-0.122,-0.183,-0.244,0.998,0.01,1773811380274
0.056,0.163,-0.982,-0.061,-0.183,-0.244,0.997,-0.01,1773811380336
0.057,0.164,-0.981,-0.122,-0.061,-0.244,0.996,-0.00,1773811380366
0.057,0.164,-0.981,-0.183,-0.244,-0.244,0.996,-0.00,1773811380394
0.057,0.164,-0.982,-0.183,-0.183,-0.244,0.997,0.00,1773811380459
0.057,0.164,-0.981,-0.061,-0.183,-0.244,0.996,-0.02,1773811380484
0.057,0.166,-0.981,-0.122,-0.122,-0.244,0.997,-0.00,1773811380515
0.058,0.164,-0.982,-0.061,-0.183,-0.183,0.997,0.01,1773811380577
0.057,0.164,-0.982,-0.122,-0.183,-0.244,0.997,0.01,1773811380605
0.057,0.164,-0.982,-0.122,-0.183,-0.244,0.997,-0.01,1773811380634
0.056,0.166,-0.982,-0.122,-0.122,-0.244,0.998,0.02,1773811380696
0.057,0.164,-0.981,-0.122,-0.244,-0.183,0.997,-0.00,1773811380726
0.057,0.164,-0.981,-0.061,-0.183,-0.305,0.997,-0.01,1773811380754
0.057,0.164,-0.981,-0.122,-0.183,-0.244,0.996,-0.01,1773811380814
0.058,0.164,-0.980,-0.061,-0.122,-0.244,0.996,-0.01,1773811380847
0.056,0.165,-0.982,-0.061,-0.122,-0.183,0.997,-0.01,1773811380875
0.057,0.164,-0.984,-0.122,-0.122,-0.244,0.999,0.02,1773811380944
0.056,0.163,-0.982,-0.061,-0.122,-0.305,0.997,0.00,1773811380964
0.058,0.164,-0.983,-0.061,-0.183,-0.244,0.998,0.02,1773811380995
0.057,0.164,-0.981,-0.183,-0.122,-0.244,0.996,0.00,1773811381057
0.056,0.164,-0.982,-0.122,-0.061,-0.183,0.998,0.01,1773811381084
0.057,0.163,-0.982,-0.122,-0.061,-0.244,0.997,-0.02,1773811381114
0.057,0.164,-0.982,0.000,-0.244,-0.244,0.997,-0.00,1773811381176
0.057,0.163,-0.981,-0.122,-0.183,-0.244,0.996,-0.02,1773811381204
0.056,0.164,-0.982,-0.122,-0.122,-0.305,0.998,0.01,1773811381235
0.058,0.164,-0.982,-0.122,-0.183,-0.183,0.997,-0.00,1773811381297
0.057,0.164,-0.981,-0.122,-0.122,-0.183,0.997,-0.00,1773811381325
0.057,0.164,-0.982,-0.183,-0.183,-0.244,0.997,0.00,1773811381355
0.056,0.163,-0.982,-0.061,-0.183,-0.244,0.997,0.00,1773811381420
0.058,0.165,-0.982,-0.122,-0.122,-0.244,0.997,-0.00,1773811381447
0.057,0.163,-0.982,-0.122,-0.122,-0.305,0.997,-0.00,1773811381475
0.057,0.164,-0.981,-0.061,-0.183,-0.305,0.997,0.00,1773811381535
0.057,0.164,-0.982,-0.122,-0.183,-0.183,0.997,0.00,1773811381565
0.057,0.164,-0.981,0.000,-0.183,-0.244,0.997,0.00,1773811381595
0.056,0.163,-0.982,-0.183,-0.061,-0.305,0.997,-0.00,1773811381655
0.057,0.165,-0.981,-0.122,-0.183,-0.183,0.997,-0.00,1773811381688
0.056,0.163,-0.982,-0.061,-0.061,-0.244,0.997,0.00,1773811381714
0.056,0.164,-0.981,-0.122,-0.183,-0.244,0.996,-0.01,1773811381779
0.056,0.163,-0.980,-0.122,-0.122,-0.305,0.995,-0.01,1773811381804
0.056,0.165,-0.982,-0.061,-0.122,-0.244,0.998,0.00,1773811381836
0.057,0.164,-0.983,-0.122,-0.183,-0.305,0.999,0.02,1773811381897
0.057,0.162,-0.982,-0.122,-0.061,-0.305,0.997,-0.00,1773811381926
0.057,0.165,-0.982,-0.061,-0.183,-0.305,0.997,0.01,1773811381957
0.057,0.165,-0.982,-0.061,-0.122,-0.305,0.997,0.02,1773811382018
0.057,0.164,-0.982,-0.061,-0.122,-0.244,0.997,-0.01,1773811382044
0.057,0.164,-0.982,-0.122,-0.183,-0.183,0.997,-0.02,1773811382076
0.058,0.163,-0.983,-0.061,-0.183,-0.244,0.998,0.01,1773811382134
0.057,0.163,-0.982,-0.122,-0.122,-0.244,0.997,0.00,1773811382166
0.057,0.164,-0.980,-0.122,-0.183,-0.305,0.995,-0.02,1773811382194
0.057,0.164,-0.982,-0.122,-0.183,-0.183,0.997,0.00,1773811382255
0.057,0.163,-0.983,0.000,-0.183,-0.305,0.998,0.01,1773811382285
0.057,0.163,-0.981,-0.061,-0.183,-0.244,0.996,-0.01,1773811382315
0.057,0.164,-0.981,-0.122,-0.183,-0.244,0.996,-0.01,1773811382377
0.056,0.163,-0.982,0.000,-0.183,-0.244,0.997,0.02,1773811382404
0.057,0.165,-0.981,-0.122,-0.122,-0.244,0.997,-0.01,1773811382434
0.058,0.163,-0.982,-0.061,-0.122,-0.244,0.997,-0.01,1773811382495
0.056,0.164,-0.981,0.000,-0.244,-0.244,0.997,0.00,1773811382525
0.056,0.165,-0.983,-0.061,-0.061,-0.244,0.998,0.02,1773811382555
0.057,0.164,-0.982,-0.061,-0.061,-0.244,0.998,0.00,1773811382617
0.056,0.164,-0.982,-0.061,-0.244,-0.244,0.997,-0.00,1773811382644
0.057,0.165,-0.982,-0.122,-0.183,-0.244,0.997,0.01,1773811382677
0.056,0.165,-0.983,-0.061,-0.183,-0.183,0.999,0.02,1773811382736
0.056,0.164,-0.983,-0.061,-0.061,-0.244,0.998,-0.01,1773811382766
0.058,0.164,-0.982,-0.122,-0.122,-0.244,0.998,0.00,1773811382794
0.056,0.164,-0.983,0.000,-0.183,-0.244,0.998,0.01,1773811382860
0.057,0.165,-0.982,-0.061,-0.183,-0.244,0.997,-0.00,1773811382884
0.057,0.164,-0.982,-0.061,-0.122,-0.305,0.998,-0.01,1773811382915
0.057,0.165,-0.981,-0.122,-0.061,-0.244,0.997,-0.01,1773811382978
0.058,0.164,-0.981,-0.061,-0.122,-0.305,0.997,-0.01,1773811383005
0.057,0.164,-0.981,-0.122,-0.122,-0.244,0.996,-0.02,1773811383036
0.056,0.164,-0.981,-0.061,-0.122,-0.244,0.997,-0.00,1773811383096
0.056,0.164,-0.982,-0.122,-0.122,-0.244,0.997,-0.00,1773811383126
0.056,0.164,-0.983,-0.122,-0.183,-0.244,0.998,0.01,1773811383154
0.057,0.165,-0.981,-0.061,-0.183,-0.244,0.997,0.00,1773811383218
0.057,0.165,-0.982,0.000,-0.122,-0.244,0.997,0.01,1773811383244
0.057,0.164,-0.981,-0.122,-0.183,-0.305,0.997,-0.00,1773811383276
0.057,0.163,-0.981,-0.122,-0.183,-0.244,0.996,-0.01,1773811383334
0.058,0.164,-0.982,-0.122,-0.183,-0.183,0.998,-0.00,1773811383364
0.056,0.163,-0.982,-0.061,-0.122,-0.244,0.997,0.01,1773811383395
0.057,0.164,-0.982,-0.061,-0.183,-0.305,0.998,0.00,1773811383455
0.057,0.164,-0.981,-0.061,-0.122,-0.244,0.996,-0.01,1773811383484
0.056,0.164,-0.983,-0.061,-0.183,-0.244,0.998,0.02,1773811383515
0.056,0.164,-0.982,-0.061,-0.183,-0.305,0.997,-0.01,1773811383578
0.056,0.164,-0.982,-0.183,-0.244,-0.244,0.997,-0.01,1773811383605
0.057,0.164,-0.983,-0.122,-0.122,-0.244,0.998,0.01,1773811383633
0.057,0.164,-0.982,-0.122,-0.183,-0.244,0.998,0.02,1773811383697
0.057,0.164,-0.982,-0.122,-0.183,-0.305,0.997,-0.00,1773811383727
0.056,0.164,-0.982,-0.122,-0.183,-0.244,0.997,0.00,1773811383755
0.056,0.163,-0.981,-0.183,-0.061,-0.183,0.996,-0.01,1773811383815
0.056,0.164,-0.982,-0.061,-0.122,-0.244,0.998,-0.01,1773811383843
0.057,0.164,-0.982,-0.061,-0.122,-0.244,0.997,-0.01,1773811383873
0.057,0.164,-0.982,-0.244,-0.122,-0.366,0.997,-0.00,1773811383937
0.057,0.165,-0.981,-0.122,-0.183,-0.305,0.997,-0.00,1773811383964
0.057,0.164,-0.982,-0.122,-0.183,-0.244,0.997,0.01,1773811383995
0.058,0.164,-0.982,-0.122,-0.122,-0.305,0.997,-0.00,1773811384056
0.057,0.165,-0.982,-0.122,-0.122,-0.183,0.998,0.01,1773811384084
0.057,0.163,-0.981,-0.122,-0.244,-0.244,0.996,-0.01,1773811384115
0.057,0.163,-0.982,-0.183,-0.183,-0.244,0.997,-0.00,1773811384175
0.057,0.164,-0.981,-0.061,-0.183,-0.244,0.997,-0.00,1773811384204
0.056,0.164,-0.983,-0.122,-0.061,-0.305,0.998,0.00,1773811384235
0.056,0.164,-0.982,-0.183,-0.122,-0.244,0.997,-0.01,1773811384297
0.057,0.164,-0.982,-0.122,-0.122,-0.305,0.997,0.01,1773811384323
0.057,0.163,-0.983,-0.122,-0.183,-0.305,0.998,0.01,1773811384354
0.057,0.165,-0.982,-0.122,-0.183,-0.244,0.997,0.01,1773811384417
0.057,0.164,-0.982,-0.122,-0.183,-0.244,0.997,-0.01,1773811384443
0.058,0.163,-0.983,-0.122,-0.183,-0.244,0.998,0.01,1773811384474
0.056,0.164,-0.983,-0.122,-0.183,-0.305,0.998,0.01,1773811384540
0.057,0.164,-0.983,-0.061,-0.122,-0.244,0.998,0.00,1773811384566
0.057,0.164,-0.981,-0.061,-0.183,-0.305,0.997,-0.01,1773811384594
0.057,0.163,-0.982,-0.061,-0.183,-0.244,0.997,-0.00,1773811384656
0.056,0.164,-0.982,-0.122,-0.122,-0.305,0.997,-0.01,1773811384683
0.058,0.164,-0.982,-0.183,-0.122,-0.305,0.997,-0.00,1773811384714
0.057,0.164,-0.982,-0.122,-0.122,-0.244,0.997,-0.01,1773811384782
0.056,0.164,-0.982,-0.122,-0.183,-0.183,0.997,0.01,1773811384804
0.057,0.165,-0.982,0.000,-0.183,-0.305,0.997,-0.00,1773811384833
0.057,0.164,-0.982,-0.061,-0.183,-0.244,0.997,-0.00,1773811384897
0.057,0.165,-0.981,-0.183,-0.183,-0.244,0.997,-0.01,1773811384923
0.057,0.164,-0.982,-0.122,-0.122,-0.305,0.997,0.00,1773811384954
0.057,0.164,-0.982,-0.122,-0.183,-0.244,0.998,0.00,1773811385018
0.058,0.163,-0.982,-0.122,-0.061,-0.366,0.997,-0.00,1773811385044
0.056,0.165,-0.982,-0.122,-0.183,-0.244,0.997,0.00,1773811385074
0.057,0.164,-0.983,-0.061,-0.122,-0.305,0.998,0.01,1773811385137
0.057,0.164,-0.981,-0.061,-0.183,-0.183,0.996,-0.01,1773811385164
0.056,0.164,-0.982,-0.122,-0.122,-0.244,0.998,0.00,1773811385196
0.057,0.165,-0.982,-0.122,-0.122,-0.244,0.997,0.00,1773811385257
0.057,0.163,-0.982,-0.122,-0.183,-0.244,0.998,0.00,1773811385283
0.057,0.165,-0.982,-0.122,-0.244,-0.244,0.998,-0.00,1773811385313
0.057,0.164,-0.981,-0.061,-0.061,-0.244,0.997,0.00,1773811385375
0.057,0.164,-0.981,-0.122,-0.183,-0.244,0.996,-0.01,1773811385403
0.056,0.164,-0.982,-0.122,-0.122,-0.305,0.997,0.00,1773811385433
0.057,0.164,-0.983,-0.122,-0.122,-0.305,0.998,0.00,1773811385494
0.056,0.164,-0.981,-0.061,-0.122,-0.183,0.996,-0.02,1773811385523
0.057,0.164,-0.982,-0.061,-0.183,-0.305,0.997,0.00,1773811385553
0.056,0.163,-0.983,-0.061,-0.183,-0.183,0.998,0.02,1773811385617
0.056,0.164,-0.981,-0.061,-0.244,-0.183,0.997,-0.01,1773811385645
0.058,0.164,-0.982,0.000,-0.183,-0.305,0.997,-0.01,1773811385676
0.057,0.163,-0.982,-0.122,-0.183,-0.244,0.997,0.01,1773811385738
0.056,0.163,-0.980,-0.122,-0.183,-0.183,0.996,-0.01,1773811385764
0.056,0.165,-0.983,-0.122,-0.183,-0.305,0.998,-0.00,1773811385795
0.057,0.164,-0.982,-0.122,-0.183,-0.183,0.997,0.01,1773811385857
0.057,0.164,-0.982,-0.122,-0.122,-0.244,0.997,-0.00,1773811385885
0.056,0.164,-0.982,-0.061,-0.183,-0.183,0.998,0.01,1773811385914
0.057,0.164,-0.982,-0.122,-0.122,-0.244,0.997,0.01,1773811385977
0.057,0.164,-0.982,0.000,-0.122,-0.305,0.997,-0.01,1773811386005
0.057,0.164,-0.984,-0.061,-0.122,-0.244,0.999,0.01,1773811386045
0.056,0.163,-0.982,-0.122,-0.122,-0.244,0.997,-0.00,1773811386094